customer_id,signup_date,acquisition_channel,region
C02290,2025-01-01,Social,South
C02135,2025-01-01,Paid Search,Central
C01510,2025-01-01,Paid Search,Central
C00456,2025-01-01,Paid Search,East
C03744,2025-01-01,Paid Search,East
C00980,2025-01-01,Email,Central
C03696,2025-01-01,Paid Search,East
C00738,2025-01-01,Email,West
C01946,2025-01-02,Social,North
C00219,2025-01-02,Affiliate,North
C03697,2025-01-02,Organic,North
C01050,2025-01-02,Email,North
C03056,2025-01-02,Affiliate,North
C00791,2025-01-02,Social,South
C03631,2025-01-02,Email,East
C03161,2025-01-02,Paid Search,West
C01792,2025-01-02,Email,Central
C01203,2025-01-02,Paid Search,North
C01294,2025-01-02,Organic,North
C02005,2025-01-02,Affiliate,West
C01098,2025-01-02,Social,South
C00211,2025-01-02,Email,West
C01988,2025-01-03,Email,South
C04000,2025-01-03,Paid Search,East
C03713,2025-01-03,Paid Search,East
C02909,2025-01-03,Social,East
C03647,2025-01-03,Email,South
C00429,2025-01-03,Paid Search,South
C03493,2025-01-03,Email,West
C00172,2025-01-03,Affiliate,West
C00908,2025-01-03,Paid Search,South
C03011,2025-01-03,Paid Search,West
C02862,2025-01-03,Paid Search,Central
C02327,2025-01-03,Social,North
C00196,2025-01-03,Organic,East
C02361,2025-01-03,Paid Search,East
C02172,2025-01-03,Organic,North
C02444,2025-01-03,Organic,West
C00648,2025-01-03,Organic,Central
C00244,2025-01-03,Organic,West
C01330,2025-01-04,Organic,Central
C03144,2025-01-04,Paid Search,Central
C03110,2025-01-04,Organic,Central
C03244,2025-01-04,Organic,East
C01660,2025-01-04,Social,East
C02577,2025-01-04,Affiliate,West
C02237,2025-01-04,Paid Search,North
C03922,2025-01-04,Organic,East
C00609,2025-01-04,Organic,Central
C03053,2025-01-04,Social,North
C03044,2025-01-04,Paid Search,North
C01033,2025-01-04,Organic,North
C02199,2025-01-04,Organic,Central
C03487,2025-01-04,Social,East
C00296,2025-01-04,Social,South
C01362,2025-01-04,Organic,South
C02334,2025-01-05,Affiliate,East
C03763,2025-01-05,Paid Search,West
C00503,2025-01-05,Email,South
C03638,2025-01-05,Paid Search,West
C03877,2025-01-05,Social,South
C03288,2025-01-06,Paid Search,West
C00338,2025-01-06,Social,South
C03973,2025-01-06,Organic,East
C01632,2025-01-06,Paid Search,East
C02899,2025-01-06,Email,South
C01115,2025-01-06,Social,Central
C03084,2025-01-06,Social,Central
C00443,2025-01-06,Affiliate,South
C02312,2025-01-06,Affiliate,North
C01029,2025-01-06,Paid Search,East
C03155,2025-01-07,Social,North
C00187,2025-01-07,Email,Central
C02076,2025-01-07,Email,West
C02731,2025-01-07,Affiliate,East
C00400,2025-01-07,Paid Search,West
C02222,2025-01-07,Email,North
C01663,2025-01-07,Paid Search,East
C03106,2025-01-07,Email,Central
C03235,2025-01-07,Paid Search,West
C02875,2025-01-07,Organic,Central
C01436,2025-01-07,Paid Search,East
C00151,2025-01-07,Email,Central
C02415,2025-01-07,Organic,West
C00881,2025-01-08,Organic,South
C03422,2025-01-08,Affiliate,East
C02667,2025-01-08,Email,North
C00336,2025-01-08,Organic,West
C02310,2025-01-08,Paid Search,West
C01049,2025-01-08,Social,Central
C02740,2025-01-08,Affiliate,North
C01893,2025-01-08,Organic,East
C01018,2025-01-08,Email,Central
C02041,2025-01-09,Paid Search,East
C00155,2025-01-09,Organic,North
C02609,2025-01-09,Social,West
C02860,2025-01-09,Organic,East
C03246,2025-01-09,Social,Central
C03281,2025-01-09,Affiliate,West
C00708,2025-01-09,Affiliate,North
C00477,2025-01-09,Social,North
C02840,2025-01-09,Social,East
C03377,2025-01-09,Paid Search,East
C03236,2025-01-09,Organic,West
C02526,2025-01-09,Affiliate,South
C03421,2025-01-09,Social,South
C01753,2025-01-10,Paid Search,Central
C00308,2025-01-10,Affiliate,Central
C01212,2025-01-10,Paid Search,South
C01606,2025-01-10,Paid Search,Central
C00678,2025-01-10,Paid Search,North
C02833,2025-01-10,Organic,West
C02301,2025-01-10,Paid Search,South
C01255,2025-01-10,Social,South
C03212,2025-01-11,Organic,West
C01241,2025-01-11,Paid Search,West
C01748,2025-01-11,Paid Search,West
C01841,2025-01-11,Paid Search,East
C02624,2025-01-11,Organic,West
C02798,2025-01-11,Paid Search,East
C00270,2025-01-11,Paid Search,Central
C01975,2025-01-11,Social,Central
C01987,2025-01-11,Paid Search,West
C02743,2025-01-12,Email,South
C02923,2025-01-12,Email,East
C01163,2025-01-12,Email,West
C00410,2025-01-12,Paid Search,South
C00466,2025-01-12,Paid Search,South
C01437,2025-01-12,Social,Central
C00286,2025-01-12,Paid Search,West
C01777,2025-01-12,Paid Search,North
C00729,2025-01-12,Email,West
C02652,2025-01-12,Affiliate,South
C03405,2025-01-13,Affiliate,Central
C03837,2025-01-13,Email,West
C02089,2025-01-13,Paid Search,West
C02761,2025-01-13,Social,West
C02523,2025-01-13,Social,East
C02883,2025-01-13,Organic,North
C01913,2025-01-13,Organic,West
C01292,2025-01-13,Email,South
C01290,2025-01-13,Affiliate,Central
C03547,2025-01-13,Email,North
C03846,2025-01-13,Organic,East
C02552,2025-01-13,Social,South
C03849,2025-01-13,Organic,South
C02025,2025-01-13,Organic,East
C00047,2025-01-14,Organic,North
C01111,2025-01-14,Organic,South
C02721,2025-01-14,Email,East
C02075,2025-01-14,Paid Search,North
C03942,2025-01-14,Organic,North
C02094,2025-01-14,Paid Search,East
C02586,2025-01-15,Paid Search,East
C00510,2025-01-15,Paid Search,South
C03983,2025-01-15,Email,South
C03992,2025-01-15,Affiliate,Central
C01024,2025-01-15,Paid Search,North
C03116,2025-01-15,Organic,West
C02966,2025-01-15,Social,West
C03440,2025-01-15,Paid Search,West
C00140,2025-01-15,Social,West
C03857,2025-01-15,Social,East
C01571,2025-01-15,Paid Search,South
C00813,2025-01-16,Social,North
C00058,2025-01-16,Social,West
C03279,2025-01-16,Paid Search,South
C03255,2025-01-16,Social,South
C03009,2025-01-16,Social,East
C02203,2025-01-16,Organic,East
C02555,2025-01-16,Organic,West
C00583,2025-01-17,Paid Search,South
C03960,2025-01-17,Social,East
C02456,2025-01-17,Paid Search,South
C00024,2025-01-17,Organic,West
C02517,2025-01-17,Affiliate,West
C02659,2025-01-17,Email,South
C02701,2025-01-17,Organic,East
C01989,2025-01-17,Organic,East
C02233,2025-01-17,Paid Search,Central
C00407,2025-01-17,Affiliate,West
C02970,2025-01-17,Paid Search,South
C03217,2025-01-17,Social,Central
C01270,2025-01-17,Paid Search,Central
C00868,2025-01-18,Paid Search,South
C00851,2025-01-18,Organic,North
C01472,2025-01-18,Organic,Central
C01332,2025-01-18,Paid Search,West
C01478,2025-01-18,Social,North
C01616,2025-01-18,Social,North
C03130,2025-01-18,Organic,West
C00418,2025-01-18,Social,South
C01854,2025-01-18,Affiliate,East
C00740,2025-01-18,Paid Search,East
C01201,2025-01-18,Email,Central
C01749,2025-01-18,Email,East
C02430,2025-01-18,Organic,North
C02438,2025-01-18,Organic,South
C02514,2025-01-19,Paid Search,Central
C02181,2025-01-19,Email,North
C03254,2025-01-19,Social,Central
C03921,2025-01-19,Organic,North
C00628,2025-01-19,Paid Search,East
C03585,2025-01-19,Organic,West
C03320,2025-01-19,Social,Central
C00339,2025-01-19,Social,North
C03157,2025-01-19,Social,East
C01762,2025-01-19,Email,South
C01977,2025-01-19,Organic,West
C00188,2025-01-19,Organic,Central
C03678,2025-01-19,Paid Search,South
C03135,2025-01-20,Paid Search,Central
C01329,2025-01-20,Paid Search,West
C03436,2025-01-20,Organic,Central
C01937,2025-01-20,Social,East
C00833,2025-01-20,Organic,South
C02242,2025-01-20,Paid Search,South
C03292,2025-01-20,Affiliate,Central
C03703,2025-01-20,Paid Search,South
C00923,2025-01-20,Social,West
C03100,2025-01-20,Organic,East
C03833,2025-01-21,Organic,South
C00289,2025-01-21,Social,East
C02930,2025-01-21,Paid Search,East
C01371,2025-01-21,Affiliate,East
C03451,2025-01-21,Organic,North
C02937,2025-01-21,Affiliate,East
C01470,2025-01-21,Affiliate,West
C01192,2025-01-21,Affiliate,East
C03175,2025-01-21,Organic,North
C02551,2025-01-21,Paid Search,Central
C02567,2025-01-21,Affiliate,Central
C01516,2025-01-21,Organic,Central
C03765,2025-01-21,Paid Search,Central
C02797,2025-01-21,Social,West
C00327,2025-01-21,Paid Search,Central
C01139,2025-01-22,Affiliate,East
C02363,2025-01-22,Organic,East
C03480,2025-01-22,Social,Central
C01416,2025-01-22,Email,East
C02837,2025-01-22,Email,Central
C03120,2025-01-22,Organic,West
C01442,2025-01-22,Social,North
C01877,2025-01-22,Social,South
C01936,2025-01-22,Affiliate,Central
C01504,2025-01-22,Paid Search,North
C03594,2025-01-22,Paid Search,South
C03349,2025-01-22,Organic,East
C00057,2025-01-22,Paid Search,East
C01830,2025-01-22,Organic,West
C01620,2025-01-22,Organic,Central
C02234,2025-01-23,Affiliate,East
C00365,2025-01-23,Paid Search,Central
C01871,2025-01-23,Organic,Central
C02325,2025-01-23,Social,North
C02040,2025-01-23,Paid Search,North
C02404,2025-01-23,Social,North
C03371,2025-01-23,Social,North
C03723,2025-01-23,Paid Search,Central
C03360,2025-01-23,Social,Central
C00076,2025-01-23,Organic,East
C03687,2025-01-24,Affiliate,East
C01394,2025-01-24,Paid Search,Central
C01862,2025-01-24,Email,West
C03606,2025-01-24,Organic,East
C00823,2025-01-24,Organic,South
C01317,2025-01-24,Organic,East
C00939,2025-01-24,Organic,South
C02431,2025-01-24,Email,Central
C00988,2025-01-24,Social,East
C02939,2025-01-25,Email,West
C02259,2025-01-25,Email,West
C03995,2025-01-25,Organic,West
C01712,2025-01-25,Organic,East
C01386,2025-01-25,Email,Central
C00657,2025-01-25,Paid Search,East
C01881,2025-01-25,Organic,North
C01062,2025-01-26,Affiliate,West
C02725,2025-01-26,Paid Search,West
C03543,2025-01-26,Paid Search,Central
C00748,2025-01-26,Organic,East
C00634,2025-01-26,Social,Central
C03824,2025-01-26,Affiliate,West
C02126,2025-01-26,Paid Search,Central
C02403,2025-01-26,Organic,South
C00240,2025-01-26,Affiliate,North
C02381,2025-01-26,Organic,South
C01760,2025-01-26,Affiliate,South
C01187,2025-01-26,Paid Search,East
C03721,2025-01-26,Organic,West
C00926,2025-01-26,Organic,West
C02021,2025-01-26,Organic,East
C03455,2025-01-26,Social,South
C03968,2025-01-26,Organic,South
C00447,2025-01-26,Social,Central
C03265,2025-01-26,Paid Search,Central
C02980,2025-01-27,Organic,Central
C00334,2025-01-27,Email,East
C03158,2025-01-27,Paid Search,West
C03219,2025-01-27,Paid Search,South
C01336,2025-01-27,Social,East
C01697,2025-01-27,Paid Search,Central
C01904,2025-01-27,Paid Search,East
C03745,2025-01-27,Paid Search,Central
C01331,2025-01-27,Organic,South
C02816,2025-01-27,Social,South
C03653,2025-01-27,Email,South
C00928,2025-01-27,Paid Search,East
C00408,2025-01-28,Affiliate,Central
C01093,2025-01-28,Affiliate,East
C00061,2025-01-28,Organic,South
C00253,2025-01-28,Organic,West
C03462,2025-01-28,Email,East
C02665,2025-01-28,Email,Central
C00216,2025-01-29,Social,Central
C01851,2025-01-29,Organic,East
C02615,2025-01-29,Email,East
C02006,2025-01-29,Organic,West
C03778,2025-01-29,Social,West
C00124,2025-01-29,Social,South
C02121,2025-01-29,Paid Search,East
C02732,2025-01-29,Affiliate,East
C01691,2025-01-29,Email,West
C02455,2025-01-29,Paid Search,Central
C01895,2025-01-30,Social,East
C01288,2025-01-30,Organic,South
C02977,2025-01-30,Paid Search,West
C02612,2025-01-30,Paid Search,East
C03839,2025-01-30,Paid Search,Central
C00885,2025-01-30,Social,West
C03448,2025-01-30,Affiliate,North
C01149,2025-01-30,Social,East
C03980,2025-01-30,Social,North
C02853,2025-01-30,Social,South
C01009,2025-01-31,Organic,West
C01505,2025-01-31,Paid Search,Central
C03038,2025-01-31,Affiliate,Central
C02194,2025-01-31,Affiliate,North
C00776,2025-01-31,Organic,East
C00771,2025-01-31,Organic,East
C01303,2025-01-31,Organic,Central
C00542,2025-01-31,Email,East
C03746,2025-02-01,Organic,East
C03781,2025-02-01,Email,East
C00932,2025-02-01,Paid Search,South
C03842,2025-02-01,Paid Search,West
C00041,2025-02-01,Paid Search,North
C01346,2025-02-01,Social,West
C02057,2025-02-01,Organic,West
C03957,2025-02-01,Paid Search,East
C03583,2025-02-01,Paid Search,East
C01527,2025-02-01,Paid Search,West
C01644,2025-02-01,Social,East
C03444,2025-02-02,Affiliate,East
C00457,2025-02-02,Organic,South
C03716,2025-02-02,Affiliate,North
C00082,2025-02-02,Email,West
C01064,2025-02-02,Paid Search,West
C01096,2025-02-02,Paid Search,South
C03664,2025-02-02,Organic,South
C03630,2025-02-02,Email,East
C01147,2025-02-02,Affiliate,East
C00858,2025-02-02,Social,South
C00329,2025-02-02,Paid Search,East
C00132,2025-02-02,Organic,North
C03932,2025-02-02,Paid Search,North
C03799,2025-02-02,Paid Search,West
C00352,2025-02-02,Social,Central
C00146,2025-02-02,Social,West
C02805,2025-02-02,Paid Search,West
C01757,2025-02-03,Organic,West
C02575,2025-02-03,Social,East
C02261,2025-02-03,Organic,South
C01674,2025-02-03,Email,East
C00629,2025-02-03,Email,West
C03329,2025-02-03,Organic,North
C03321,2025-02-03,Paid Search,South
C03368,2025-02-03,Email,Central
C00824,2025-02-03,Social,North
C00508,2025-02-04,Email,Central
C01054,2025-02-04,Paid Search,West
C02705,2025-02-04,Email,North
C00802,2025-02-04,Email,East
C03045,2025-02-04,Affiliate,East
C02890,2025-02-04,Paid Search,North
C03026,2025-02-04,Paid Search,South
C03227,2025-02-04,Organic,Central
C01733,2025-02-04,Organic,Central
C00467,2025-02-04,Organic,Central
C03743,2025-02-04,Organic,Central
C00074,2025-02-05,Organic,North
C03573,2025-02-05,Organic,East
C02088,2025-02-05,Organic,West
C03555,2025-02-05,Paid Search,East
C02051,2025-02-05,Social,Central
C03439,2025-02-05,Email,South
C03369,2025-02-05,Organic,Central
C03772,2025-02-05,Organic,East
C00141,2025-02-05,Affiliate,North
C00086,2025-02-05,Email,North
C01835,2025-02-05,Affiliate,South
C01766,2025-02-05,Organic,North
C00148,2025-02-05,Paid Search,West
C01222,2025-02-05,Paid Search,North
C01407,2025-02-05,Paid Search,North
C01923,2025-02-06,Social,West
C02675,2025-02-06,Social,North
C01686,2025-02-06,Email,North
C02477,2025-02-06,Paid Search,North
C00254,2025-02-06,Organic,North
C00045,2025-02-06,Social,West
C00603,2025-02-06,Social,West
C03013,2025-02-06,Organic,North
C03502,2025-02-06,Organic,South
C01308,2025-02-07,Email,East
C03948,2025-02-07,Organic,South
C03527,2025-02-07,Paid Search,East
C02825,2025-02-07,Organic,North
C01476,2025-02-07,Social,Central
C03596,2025-02-07,Email,East
C01333,2025-02-07,Paid Search,West
C03337,2025-02-07,Organic,East
C02281,2025-02-07,Paid Search,South
C00690,2025-02-07,Email,West
C02536,2025-02-08,Email,East
C01652,2025-02-08,Organic,Central
C01245,2025-02-08,Paid Search,South
C00424,2025-02-08,Organic,Central
C02713,2025-02-08,Email,Central
C03549,2025-02-08,Paid Search,East
C02068,2025-02-08,Email,East
C03734,2025-02-08,Affiliate,Central
C01006,2025-02-08,Paid Search,South
C01603,2025-02-08,Organic,South
C01737,2025-02-08,Paid Search,East
C00668,2025-02-09,Paid Search,East
C00496,2025-02-09,Social,North
C03971,2025-02-09,Affiliate,North
C01458,2025-02-09,Organic,East
C03256,2025-02-09,Organic,South
C01354,2025-02-09,Paid Search,Central
C03609,2025-02-09,Affiliate,South
C02069,2025-02-09,Organic,East
C01205,2025-02-09,Social,South
C01263,2025-02-09,Paid Search,Central
C03642,2025-02-10,Social,North
C01928,2025-02-10,Organic,North
C01538,2025-02-10,Email,East
C00175,2025-02-10,Social,North
C02807,2025-02-10,Paid Search,North
C02580,2025-02-10,Affiliate,West
C03872,2025-02-10,Paid Search,North
C02846,2025-02-11,Paid Search,East
C03803,2025-02-11,Organic,West
C00820,2025-02-11,Paid Search,Central
C01853,2025-02-11,Paid Search,East
C00131,2025-02-11,Organic,East
C01001,2025-02-11,Organic,South
C00440,2025-02-11,Paid Search,South
C03682,2025-02-11,Paid Search,East
C03592,2025-02-11,Organic,South
C02854,2025-02-12,Paid Search,North
C00841,2025-02-12,Organic,North
C02931,2025-02-12,Paid Search,North
C01260,2025-02-12,Paid Search,South
C00369,2025-02-12,Organic,Central
C00130,2025-02-12,Email,South
C01232,2025-02-12,Organic,West
C02794,2025-02-12,Email,South
C02792,2025-02-12,Email,East
C02274,2025-02-12,Paid Search,Central
C01017,2025-02-12,Paid Search,South
C03933,2025-02-12,Organic,West
C00850,2025-02-13,Affiliate,East
C01318,2025-02-13,Social,Central
C03497,2025-02-13,Affiliate,West
C01351,2025-02-13,Email,East
C03431,2025-02-13,Organic,West
C00051,2025-02-13,Email,South
C01418,2025-02-13,Organic,Central
C01531,2025-02-13,Affiliate,East
C02988,2025-02-14,Social,West
C01030,2025-02-14,Social,North
C01650,2025-02-14,Paid Search,Central
C03401,2025-02-14,Organic,North
C03179,2025-02-14,Email,East
C01038,2025-02-14,Affiliate,North
C00572,2025-02-14,Email,East
C03423,2025-02-14,Social,East
C02451,2025-02-14,Social,South
C02476,2025-02-14,Paid Search,South
C02730,2025-02-14,Email,West
C03470,2025-02-14,Organic,East
C00514,2025-02-15,Paid Search,Central
C03615,2025-02-15,Email,Central
C03237,2025-02-15,Organic,West
C01633,2025-02-15,Organic,North
C01610,2025-02-15,Organic,South
C02910,2025-02-15,Social,South
C03315,2025-02-15,Social,West
C02944,2025-02-15,Organic,East
C02339,2025-02-15,Email,South
C01645,2025-02-15,Email,North
C01558,2025-02-15,Paid Search,East
C02616,2025-02-16,Affiliate,East
C03789,2025-02-16,Paid Search,East
C01546,2025-02-16,Paid Search,South
C01550,2025-02-16,Affiliate,North
C01933,2025-02-16,Social,Central
C03504,2025-02-16,Affiliate,Central
C01425,2025-02-16,Social,North
C03767,2025-02-16,Organic,North
C02662,2025-02-16,Organic,North
C01992,2025-02-16,Email,East
C00001,2025-02-16,Paid Search,Central
C00193,2025-02-16,Email,East
C00238,2025-02-16,Social,North
C00231,2025-02-17,Organic,North
C00548,2025-02-17,Email,West
C01114,2025-02-17,Affiliate,South
C02712,2025-02-17,Paid Search,West
C03875,2025-02-17,Paid Search,South
C00313,2025-02-17,Email,South
C01568,2025-02-17,Paid Search,East
C01675,2025-02-17,Organic,East
C00696,2025-02-17,Paid Search,Central
C02507,2025-02-17,Affiliate,South
C03238,2025-02-17,Email,East
C00291,2025-02-18,Organic,South
C01440,2025-02-18,Paid Search,Central
C01959,2025-02-18,Organic,East
C01847,2025-02-18,Organic,East
C00092,2025-02-18,Social,Central
C02244,2025-02-18,Paid Search,Central
C01991,2025-02-18,Organic,Central
C03041,2025-02-19,Organic,West
C01036,2025-02-19,Paid Search,Central
C02841,2025-02-19,Paid Search,West
C01084,2025-02-19,Paid Search,Central
C03660,2025-02-19,Paid Search,East
C02524,2025-02-19,Organic,Central
C02640,2025-02-19,Affiliate,South
C00601,2025-02-19,Organic,Central
C03124,2025-02-19,Organic,East
C00821,2025-02-19,Affiliate,South
C00903,2025-02-19,Paid Search,East
C01994,2025-02-19,Organic,Central
C01277,2025-02-20,Organic,West
C03941,2025-02-20,Email,East
C02383,2025-02-20,Paid Search,North
C03787,2025-02-20,Organic,South
C00346,2025-02-20,Email,North
C00293,2025-02-20,Social,East
C03402,2025-02-20,Social,Central
C03262,2025-02-20,Email,Central
C03710,2025-02-20,Organic,North
C02710,2025-02-20,Organic,West
C01379,2025-02-21,Social,South
C00234,2025-02-21,Social,South
C01358,2025-02-21,Affiliate,South
C02156,2025-02-21,Social,West
C01798,2025-02-21,Email,North
C02957,2025-02-21,Organic,East
C02974,2025-02-21,Organic,East
C00003,2025-02-21,Social,East
C03151,2025-02-21,Social,West
C00037,2025-02-22,Email,Central
C00878,2025-02-22,Organic,Central
C00261,2025-02-22,Email,South
C03528,2025-02-22,Email,South
C01699,2025-02-22,Organic,South
C03145,2025-02-22,Social,Central
C02644,2025-02-22,Affiliate,Central
C00663,2025-02-22,Organic,South
C02217,2025-02-22,Affiliate,South
C00613,2025-02-22,Paid Search,West
C02185,2025-02-22,Affiliate,Central
C01450,2025-02-22,Social,East
C01432,2025-02-22,Paid Search,South
C00465,2025-02-23,Email,West
C01586,2025-02-23,Organic,North
C00263,2025-02-23,Organic,East
C03384,2025-02-23,Email,Central
C00913,2025-02-23,Organic,East
C03399,2025-02-23,Organic,East
C03795,2025-02-23,Organic,North
C03035,2025-02-23,Organic,South
C01057,2025-02-23,Email,Central
C03602,2025-02-23,Organic,East
C03208,2025-02-24,Organic,East
C03039,2025-02-24,Social,West
C03454,2025-02-24,Paid Search,East
C01911,2025-02-24,Email,West
C02331,2025-02-24,Organic,East
C00494,2025-02-24,Email,South
C03068,2025-02-24,Paid Search,South
C01399,2025-02-24,Affiliate,Central
C02206,2025-02-24,Organic,South
C00109,2025-02-24,Affiliate,Central
C02254,2025-02-24,Email,East
C02766,2025-02-24,Organic,Central
C03313,2025-02-24,Email,North
C01022,2025-02-24,Paid Search,South
C00840,2025-02-25,Email,South
C03036,2025-02-25,Organic,East
C03542,2025-02-25,Paid Search,South
C03114,2025-02-25,Organic,West
C01174,2025-02-25,Organic,East
C02979,2025-02-25,Organic,East
C03648,2025-02-25,Paid Search,South
C02658,2025-02-25,Email,East
C00366,2025-02-25,Social,South
C01788,2025-02-25,Organic,West
C02847,2025-02-26,Paid Search,North
C01188,2025-02-26,Organic,Central
C03064,2025-02-26,Email,North
C03113,2025-02-26,Organic,North
C00243,2025-02-26,Organic,West
C03610,2025-02-26,Affiliate,Central
C00588,2025-02-26,Social,West
C02230,2025-02-26,Email,West
C01199,2025-02-26,Email,Central
C02594,2025-02-27,Social,Central
C02717,2025-02-27,Social,North
C02143,2025-02-27,Affiliate,North
C01051,2025-02-27,Organic,East
C00387,2025-02-27,Email,West
C00853,2025-02-27,Social,East
C03419,2025-02-27,Social,South
C03037,2025-02-27,Organic,South
C03294,2025-02-27,Paid Search,North
C00874,2025-02-27,Affiliate,North
C03891,2025-02-28,Paid Search,South
C02510,2025-02-28,Organic,West
C00800,2025-02-28,Social,West
C03977,2025-02-28,Paid Search,North
C00486,2025-02-28,Organic,South
C03981,2025-02-28,Organic,Central
C03168,2025-02-28,Social,East
C00316,2025-02-28,Organic,North
C01410,2025-02-28,Organic,West
C00390,2025-02-28,Social,East
C00389,2025-03-01,Organic,South
C00217,2025-03-01,Email,South
C00479,2025-03-01,Paid Search,South
C01475,2025-03-01,Organic,East
C01088,2025-03-01,Paid Search,North
C03027,2025-03-01,Organic,West
C00552,2025-03-01,Organic,West
C01723,2025-03-01,Organic,West
C02001,2025-03-02,Social,North
C03016,2025-03-02,Email,East
C00414,2025-03-02,Social,West
C02307,2025-03-02,Affiliate,South
C03861,2025-03-02,Social,West
C03838,2025-03-02,Social,Central
C00564,2025-03-03,Paid Search,East
C01209,2025-03-03,Social,West
C01604,2025-03-03,Paid Search,North
C02817,2025-03-03,Organic,South
C01570,2025-03-03,Paid Search,South
C02872,2025-03-03,Affiliate,West
C01325,2025-03-03,Organic,West
C02741,2025-03-03,Paid Search,West
C00606,2025-03-03,Affiliate,West
C02934,2025-03-03,Affiliate,West
C01190,2025-03-03,Social,North
C00482,2025-03-04,Organic,Central
C00133,2025-03-04,Social,South
C03683,2025-03-04,Organic,East
C01424,2025-03-04,Paid Search,Central
C02643,2025-03-05,Email,Central
C01591,2025-03-05,Social,East
C01339,2025-03-05,Social,East
C00104,2025-03-05,Paid Search,South
C00681,2025-03-05,Paid Search,East
C02789,2025-03-05,Social,West
C00070,2025-03-05,Organic,North
C01836,2025-03-05,Organic,East
C03786,2025-03-05,Organic,East
C02056,2025-03-05,Paid Search,East
C03486,2025-03-05,Affiliate,Central
C00144,2025-03-05,Email,South
C02484,2025-03-05,Paid Search,East
C02498,2025-03-06,Social,East
C00385,2025-03-06,Social,Central
C01953,2025-03-06,Paid Search,Central
C01552,2025-03-06,Organic,South
C03521,2025-03-06,Organic,South
C02385,2025-03-06,Paid Search,East
C02742,2025-03-06,Social,Central
C01608,2025-03-06,Email,South
C00661,2025-03-06,Organic,North
C03783,2025-03-07,Paid Search,North
C02720,2025-03-07,Organic,North
C03884,2025-03-07,Organic,West
C02650,2025-03-07,Paid Search,Central
C01781,2025-03-07,Email,East
C02191,2025-03-07,Social,East
C00697,2025-03-07,Social,South
C03046,2025-03-07,Paid Search,East
C01889,2025-03-07,Paid Search,North
C02680,2025-03-07,Paid Search,North
C01467,2025-03-07,Paid Search,West
C01156,2025-03-07,Paid Search,East
C01160,2025-03-08,Organic,East
C02267,2025-03-08,Email,East
C00432,2025-03-08,Organic,North
C03892,2025-03-08,Organic,East
C02374,2025-03-08,Social,South
C03595,2025-03-08,Paid Search,East
C01765,2025-03-08,Social,Central
C00285,2025-03-08,Organic,North
C03362,2025-03-08,Paid Search,North
C00971,2025-03-08,Affiliate,Central
C00303,2025-03-08,Organic,South
C00062,2025-03-08,Social,East
C01000,2025-03-09,Affiliate,Central
C01217,2025-03-09,Affiliate,East
C02921,2025-03-09,Affiliate,Central
C03944,2025-03-10,Organic,South
C00734,2025-03-10,Paid Search,Central
C03074,2025-03-10,Affiliate,West
C03906,2025-03-10,Organic,East
C02492,2025-03-10,Social,East
C00702,2025-03-10,Organic,West
C00924,2025-03-10,Paid Search,East
C00287,2025-03-10,Organic,North
C03165,2025-03-10,Organic,East
C00194,2025-03-10,Organic,East
C03118,2025-03-11,Affiliate,West
C00737,2025-03-11,Affiliate,East
C03408,2025-03-11,Organic,East
C02389,2025-03-11,Organic,West
C00894,2025-03-11,Email,East
C03137,2025-03-11,Affiliate,Central
C02671,2025-03-11,Organic,East
C02527,2025-03-11,Paid Search,Central
C03599,2025-03-11,Paid Search,Central
C02054,2025-03-11,Email,South
C01500,2025-03-11,Paid Search,South
C02329,2025-03-11,Organic,Central
C02433,2025-03-12,Paid Search,West
C02768,2025-03-12,Paid Search,Central
C03220,2025-03-12,Organic,North
C01095,2025-03-12,Paid Search,East
C02871,2025-03-12,Paid Search,North
C01934,2025-03-12,Paid Search,East
C01981,2025-03-12,Social,Central
C00591,2025-03-12,Email,Central
C00177,2025-03-12,Affiliate,East
C00727,2025-03-12,Paid Search,West
C03490,2025-03-13,Affiliate,South
C02682,2025-03-13,Organic,North
C03445,2025-03-13,Organic,Central
C00633,2025-03-13,Email,North
C02012,2025-03-13,Paid Search,East
C02318,2025-03-13,Social,North
C00890,2025-03-13,Organic,North
C02422,2025-03-13,Organic,North
C01667,2025-03-13,Paid Search,North
C03651,2025-03-13,Social,West
C02657,2025-03-13,Paid Search,South
C02521,2025-03-13,Social,West
C03298,2025-03-14,Social,Central
C02790,2025-03-14,Organic,Central
C00441,2025-03-14,Email,Central
C01291,2025-03-14,Email,East
C03341,2025-03-14,Affiliate,East
C00683,2025-03-14,Social,West
C02845,2025-03-15,Organic,West
C03233,2025-03-15,Paid Search,West
C01971,2025-03-15,Organic,Central
C00010,2025-03-15,Social,West
C02358,2025-03-15,Organic,South
C03268,2025-03-15,Email,North
C00033,2025-03-15,Organic,North
C02574,2025-03-15,Organic,Central
C02488,2025-03-15,Social,West
C02694,2025-03-15,Email,West
C02718,2025-03-15,Organic,North
C01233,2025-03-15,Paid Search,East
C03424,2025-03-15,Organic,South
C01166,2025-03-16,Paid Search,North
C02485,2025-03-16,Social,East
C01347,2025-03-16,Paid Search,East
C02288,2025-03-16,Organic,Central
C02150,2025-03-16,Paid Search,East
C01751,2025-03-16,Email,West
C02952,2025-03-16,Paid Search,East
C01789,2025-03-16,Paid Search,East
C00575,2025-03-16,Email,North
C03425,2025-03-16,Organic,Central
C03812,2025-03-16,Social,North
C03826,2025-03-16,Paid Search,West
C01240,2025-03-17,Affiliate,South
C02780,2025-03-17,Organic,West
C01939,2025-03-17,Paid Search,South
C02734,2025-03-17,Email,West
C02297,2025-03-17,Paid Search,West
C03752,2025-03-17,Organic,Central
C01515,2025-03-17,Paid Search,South
C02623,2025-03-17,Organic,South
C00909,2025-03-17,Social,West
C03570,2025-03-18,Paid Search,East
C01774,2025-03-18,Organic,East
C00223,2025-03-18,Organic,East
C01873,2025-03-18,Organic,North
C01513,2025-03-18,Social,East
C01122,2025-03-18,Affiliate,East
C02427,2025-03-18,Organic,Central
C00239,2025-03-18,Affiliate,West
C00053,2025-03-18,Organic,Central
C00759,2025-03-18,Social,West
C03771,2025-03-18,Affiliate,East
C02636,2025-03-19,Social,Central
C02059,2025-03-19,Affiliate,South
C01489,2025-03-19,Email,East
C02785,2025-03-19,Email,North
C02235,2025-03-19,Organic,East
C01227,2025-03-19,Organic,South
C02269,2025-03-19,Social,East
C02715,2025-03-19,Email,Central
C01730,2025-03-19,Email,Central
C03241,2025-03-19,Email,North
C02190,2025-03-19,Organic,Central
C03475,2025-03-19,Organic,Central
C00974,2025-03-19,Organic,North
C00523,2025-03-19,Paid Search,West
C01791,2025-03-19,Email,North
C02896,2025-03-19,Organic,South
C00525,2025-03-19,Organic,South
C00783,2025-03-19,Email,North
C02884,2025-03-19,Social,South
C02628,2025-03-20,Paid Search,North
C00815,2025-03-20,Email,North
C02300,2025-03-20,Paid Search,West
C00002,2025-03-20,Email,East
C03619,2025-03-20,Social,East
C03394,2025-03-20,Paid Search,South
C00646,2025-03-20,Affiliate,West
C03195,2025-03-20,Organic,South
C00159,2025-03-20,Organic,Central
C00753,2025-03-21,Organic,East
C03643,2025-03-21,Paid Search,East
C02271,2025-03-21,Paid Search,North
C03993,2025-03-21,Paid Search,Central
C01817,2025-03-21,Affiliate,South
C00770,2025-03-21,Social,South
C01398,2025-03-21,Social,South
C00507,2025-03-21,Organic,South
C00158,2025-03-21,Affiliate,South
C01178,2025-03-21,Email,East
C03843,2025-03-21,Organic,East
C02947,2025-03-21,Organic,North
C01439,2025-03-21,Paid Search,East
C02578,2025-03-21,Paid Search,East
C03739,2025-03-21,Organic,Central
C00186,2025-03-21,Email,East
C01635,2025-03-22,Organic,West
C01855,2025-03-22,Social,South
C01852,2025-03-22,Affiliate,North
C00703,2025-03-22,Paid Search,Central
C00394,2025-03-22,Organic,South
C00380,2025-03-22,Paid Search,West
C01113,2025-03-22,Paid Search,South
C01954,2025-03-22,Social,East
C02091,2025-03-22,Organic,West
C01484,2025-03-22,Paid Search,West
C00461,2025-03-22,Organic,South
C02773,2025-03-23,Paid Search,Central
C03926,2025-03-23,Paid Search,East
C02299,2025-03-23,Organic,South
C02573,2025-03-23,Social,West
C03899,2025-03-23,Affiliate,East
C00936,2025-03-23,Organic,South
C02753,2025-03-23,Paid Search,North
C03963,2025-03-23,Email,North
C02893,2025-03-23,Email,South
C03690,2025-03-23,Paid Search,North
C01242,2025-03-24,Email,East
C00955,2025-03-24,Paid Search,East
C03134,2025-03-24,Organic,East
C03976,2025-03-24,Social,North
C03566,2025-03-24,Social,East
C01152,2025-03-24,Email,East
C02351,2025-03-25,Paid Search,West
C03398,2025-03-25,Affiliate,North
C02765,2025-03-25,Social,South
C03661,2025-03-25,Email,East
C00374,2025-03-25,Social,North
C02672,2025-03-26,Organic,North
C03707,2025-03-26,Affiliate,South
C00904,2025-03-26,Organic,South
C01158,2025-03-26,Social,South
C03628,2025-03-26,Email,South
C03535,2025-03-26,Organic,West
C00430,2025-03-26,Organic,Central
C02241,2025-03-26,Paid Search,East
C01729,2025-03-26,Email,North
C00769,2025-03-26,Paid Search,Central
C00324,2025-03-26,Social,East
C02333,2025-03-26,Social,Central
C01567,2025-03-26,Paid Search,South
C00551,2025-03-26,Organic,West
C02956,2025-03-26,Social,Central
C00739,2025-03-27,Organic,North
C02263,2025-03-27,Organic,Central
C01104,2025-03-27,Affiliate,East
C03848,2025-03-27,Social,Central
C00048,2025-03-27,Organic,West
C03762,2025-03-27,Paid Search,West
C03206,2025-03-27,Paid Search,North
C02783,2025-03-27,Email,Central
C01037,2025-03-27,Social,Central
C00446,2025-03-27,Social,South
C02876,2025-03-27,Paid Search,Central
C02866,2025-03-27,Organic,North
C03537,2025-03-27,Affiliate,North
C03187,2025-03-28,Organic,North
C00226,2025-03-28,Email,North
C00199,2025-03-28,Paid Search,Central
C01628,2025-03-28,Email,South
C03560,2025-03-28,Email,North
C03218,2025-03-28,Organic,North
C03108,2025-03-28,Social,Central
C03128,2025-03-28,Email,North
C00901,2025-03-28,Affiliate,Central
C01326,2025-03-28,Paid Search,West
C01099,2025-03-28,Email,East
C02591,2025-03-28,Email,East
C03404,2025-03-29,Social,Central
C01445,2025-03-29,Organic,North
C03847,2025-03-29,Paid Search,West
C03239,2025-03-29,Affiliate,South
C02004,2025-03-29,Paid Search,South
C00225,2025-03-29,Social,West
C01623,2025-03-29,Paid Search,North
C01941,2025-03-30,Affiliate,Central
C01598,2025-03-30,Organic,North
C00522,2025-03-30,Email,East
C00319,2025-03-30,Social,West
C01061,2025-03-30,Paid Search,East
C01738,2025-03-30,Paid Search,South
C02180,2025-03-30,Organic,North
C00749,2025-03-30,Affiliate,North
C01728,2025-03-30,Email,South
C03243,2025-03-30,Social,West
C00483,2025-03-31,Social,North
C02869,2025-03-31,Social,East
C02407,2025-03-31,Organic,South
C02392,2025-03-31,Affiliate,East
C00421,2025-03-31,Social,Central
C00610,2025-03-31,Organic,West
C01952,2025-03-31,Organic,West
C00118,2025-03-31,Affiliate,North
C01922,2025-03-31,Paid Search,South
C01015,2025-04-01,Affiliate,South
C00957,2025-04-01,Organic,North
C01367,2025-04-01,Email,East
C00192,2025-04-01,Email,North
C02393,2025-04-01,Paid Search,Central
C02611,2025-04-01,Paid Search,West
C00241,2025-04-01,Social,South
C02208,2025-04-01,Social,East
C02371,2025-04-01,Email,Central
C01679,2025-04-02,Email,East
C03516,2025-04-02,Social,North
C01100,2025-04-02,Organic,West
C01488,2025-04-02,Paid Search,Central
C02173,2025-04-02,Paid Search,South
C03309,2025-04-02,Affiliate,East
C00579,2025-04-02,Organic,East
C01373,2025-04-02,Organic,Central
C02829,2025-04-03,Organic,North
C00321,2025-04-03,Social,West
C02024,2025-04-03,Affiliate,South
C01112,2025-04-03,Paid Search,East
C03997,2025-04-03,Organic,East
C02647,2025-04-03,Email,East
C00619,2025-04-03,Affiliate,South
C02892,2025-04-03,Organic,Central
C02506,2025-04-03,Organic,West
C03427,2025-04-03,Organic,North
C03513,2025-04-03,Paid Search,West
C01944,2025-04-04,Organic,South
C03999,2025-04-04,Social,West
C00417,2025-04-04,Social,East
C02971,2025-04-04,Organic,Central
C00899,2025-04-04,Organic,South
C00428,2025-04-04,Email,South
C03735,2025-04-04,Organic,South
C00435,2025-04-04,Organic,Central
C00728,2025-04-04,Social,North
C01120,2025-04-04,Affiliate,North
C03409,2025-04-04,Paid Search,Central
C02114,2025-04-04,Email,North
C01665,2025-04-05,Organic,Central
C01888,2025-04-05,Organic,East
C00513,2025-04-05,Organic,West
C03919,2025-04-05,Organic,South
C02820,2025-04-05,Paid Search,West
C02779,2025-04-05,Email,South
C03190,2025-04-05,Organic,North
C01014,2025-04-05,Social,North
C01783,2025-04-05,Organic,South
C01918,2025-04-05,Email,East
C02776,2025-04-05,Email,South
C00596,2025-04-05,Organic,East
C02691,2025-04-06,Organic,East
C03576,2025-04-06,Social,Central
C01595,2025-04-06,Social,East
C03125,2025-04-06,Email,South
C02903,2025-04-06,Organic,North
C00536,2025-04-06,Organic,North
C00902,2025-04-06,Organic,East
C03395,2025-04-06,Email,South
C02142,2025-04-06,Affiliate,South
C02232,2025-04-06,Social,West
C02106,2025-04-06,Email,South
C01361,2025-04-06,Organic,South
C01363,2025-04-06,Organic,North
C01496,2025-04-06,Affiliate,West
C02096,2025-04-06,Email,North
C01885,2025-04-07,Social,East
C02200,2025-04-07,Social,West
C03122,2025-04-07,Organic,Central
C03017,2025-04-07,Organic,North
C02270,2025-04-07,Paid Search,South
C00527,2025-04-07,Paid Search,East
C00892,2025-04-07,Affiliate,West
C02744,2025-04-07,Paid Search,East
C02398,2025-04-07,Social,Central
C00174,2025-04-07,Paid Search,Central
C03501,2025-04-07,Paid Search,East
C00046,2025-04-07,Organic,East
C03173,2025-04-07,Email,West
C03146,2025-04-08,Paid Search,North
C01776,2025-04-08,Social,North
C00195,2025-04-08,Paid Search,Central
C02589,2025-04-08,Email,South
C03898,2025-04-08,Paid Search,West
C00578,2025-04-08,Affiliate,Central
C02649,2025-04-08,Social,North
C02246,2025-04-08,Email,East
C03494,2025-04-08,Organic,South
C02699,2025-04-08,Organic,East
C01938,2025-04-08,Social,South
C03138,2025-04-08,Paid Search,South
C02700,2025-04-08,Email,North
C03834,2025-04-08,Paid Search,Central
C02023,2025-04-08,Paid Search,South
C01689,2025-04-08,Email,South
C00065,2025-04-08,Social,South
C02987,2025-04-08,Organic,South
C03052,2025-04-08,Organic,South
C01034,2025-04-08,Organic,South
C00356,2025-04-08,Paid Search,South
C00150,2025-04-09,Social,North
C03107,2025-04-09,Social,Central
C03757,2025-04-09,Social,North
C00412,2025-04-09,Organic,Central
C02545,2025-04-09,Paid Search,West
C00979,2025-04-09,Email,North
C02225,2025-04-09,Paid Search,Central
C03909,2025-04-09,Social,South
C02268,2025-04-10,Organic,East
C01253,2025-04-10,Organic,West
C02537,2025-04-10,Paid Search,Central
C03061,2025-04-10,Organic,South
C03663,2025-04-10,Organic,East
C00283,2025-04-10,Social,Central
C02626,2025-04-10,Organic,North
C01202,2025-04-10,Email,South
C02465,2025-04-10,Paid Search,South
C02769,2025-04-10,Social,East
C00761,2025-04-10,Social,East
C03273,2025-04-10,Email,North
C03499,2025-04-10,Paid Search,Central
C01653,2025-04-10,Affiliate,North
C02306,2025-04-10,Affiliate,Central
C01986,2025-04-11,Social,South
C02502,2025-04-11,Organic,East
C02878,2025-04-11,Organic,East
C02479,2025-04-11,Organic,Central
C03307,2025-04-11,Social,North
C03903,2025-04-11,Organic,South
C00016,2025-04-11,Organic,Central
C03931,2025-04-11,Email,Central
C01223,2025-04-11,Email,South
C03523,2025-04-12,Affiliate,North
C03132,2025-04-12,Paid Search,West
C01771,2025-04-12,Paid Search,North
C02035,2025-04-12,Paid Search,South
C02117,2025-04-12,Email,North
C02211,2025-04-12,Email,Central
C01447,2025-04-12,Email,East
C01128,2025-04-12,Social,East
C02529,2025-04-12,Organic,South
C01464,2025-04-12,Social,Central
C03654,2025-04-12,Paid Search,East
C02887,2025-04-13,Email,East
C00426,2025-04-13,Organic,East
C00315,2025-04-13,Organic,South
C00236,2025-04-13,Organic,West
C03882,2025-04-13,Social,West
C03572,2025-04-13,Paid Search,Central
C03674,2025-04-13,Paid Search,West
C03382,2025-04-13,Paid Search,North
C02453,2025-04-13,Organic,North
C00363,2025-04-13,Paid Search,North
C01495,2025-04-13,Paid Search,East
C03625,2025-04-14,Affiliate,North
C03889,2025-04-14,Organic,North
C03717,2025-04-14,Email,West
C02579,2025-04-14,Social,North
C03452,2025-04-14,Social,West
C01901,2025-04-15,Paid Search,North
C01125,2025-04-15,Paid Search,South
C02629,2025-04-15,Organic,East
C03102,2025-04-15,Organic,Central
C00918,2025-04-15,Email,East
C00688,2025-04-15,Organic,East
C02954,2025-04-15,Paid Search,East
C03305,2025-04-15,Organic,East
C00224,2025-04-15,Paid Search,West
C01141,2025-04-16,Organic,East
C00658,2025-04-16,Organic,West
C03604,2025-04-16,Affiliate,North
C03318,2025-04-16,Paid Search,North
C03189,2025-04-16,Paid Search,Central
C01602,2025-04-16,Organic,East
C02093,2025-04-16,Affiliate,West
C03953,2025-04-16,Organic,West
C02043,2025-04-16,Organic,North
C03579,2025-04-16,Paid Search,South
C03413,2025-04-16,Social,South
C02804,2025-04-16,Organic,East
C01540,2025-04-16,Social,Central
C01688,2025-04-17,Organic,North
C01433,2025-04-17,Email,North
C02062,2025-04-17,Organic,West
C02201,2025-04-17,Social,West
C01230,2025-04-17,Organic,North
C02187,2025-04-17,Organic,North
C02210,2025-04-17,Email,South
C01490,2025-04-17,Paid Search,Central
C01993,2025-04-18,Affiliate,North
C01243,2025-04-18,Paid Search,East
C02256,2025-04-18,Paid Search,East
C03611,2025-04-18,Organic,North
C01256,2025-04-18,Paid Search,South
C01526,2025-04-18,Organic,South
C03403,2025-04-18,Organic,East
C02197,2025-04-18,Email,Central
C02723,2025-04-18,Paid Search,North
C00948,2025-04-18,Affiliate,East
C03365,2025-04-19,Affiliate,East
C01355,2025-04-19,Paid Search,South
C01996,2025-04-19,Social,East
C01639,2025-04-19,Paid Search,South
C01249,2025-04-19,Paid Search,East
C02784,2025-04-19,Social,West
C00558,2025-04-19,Organic,Central
C03351,2025-04-19,Organic,Central
C00006,2025-04-19,Paid Search,East
C02402,2025-04-19,Affiliate,North
C02137,2025-04-19,Social,West
C03346,2025-04-19,Social,North
C01401,2025-04-20,Organic,Central
C03339,2025-04-20,Email,Central
C01215,2025-04-20,Email,Central
C00906,2025-04-20,Affiliate,West
C00089,2025-04-20,Organic,West
C02336,2025-04-20,Social,West
C03732,2025-04-20,Affiliate,East
C00581,2025-04-20,Organic,Central
C02352,2025-04-20,Affiliate,Central
C01136,2025-04-20,Email,East
C02343,2025-04-20,Affiliate,East
C02193,2025-04-20,Paid Search,West
C03215,2025-04-20,Organic,North
C01517,2025-04-20,Affiliate,East
C00183,2025-04-20,Organic,South
C01511,2025-04-20,Affiliate,East
C01429,2025-04-20,Paid Search,East
C03820,2025-04-20,Social,East
C02596,2025-04-20,Paid Search,South
C01647,2025-04-21,Email,South
C02038,2025-04-21,Email,South
C01499,2025-04-21,Social,Central
C00156,2025-04-21,Email,Central
C02500,2025-04-21,Organic,North
C02441,2025-04-21,Social,Central
C00920,2025-04-21,Paid Search,East
C00337,2025-04-21,Social,South
C02464,2025-04-21,Paid Search,West
C02280,2025-04-21,Email,Central
C02177,2025-04-21,Affiliate,East
C02344,2025-04-21,Social,North
C00622,2025-04-21,Organic,North
C00871,2025-04-21,Paid Search,East
C01609,2025-04-22,Organic,North
C03083,2025-04-22,Affiliate,West
C02585,2025-04-22,Affiliate,North
C02131,2025-04-22,Organic,North
C02065,2025-04-22,Social,West
C03194,2025-04-22,Paid Search,East
C03747,2025-04-22,Social,West
C00659,2025-04-22,Email,South
C00789,2025-04-22,Paid Search,Central
C01408,2025-04-22,Paid Search,North
C01509,2025-04-22,Organic,West
C00565,2025-04-22,Affiliate,Central
C01492,2025-04-22,Email,Central
C01452,2025-04-23,Paid Search,East
C00981,2025-04-23,Social,East
C03805,2025-04-23,Affiliate,South
C03479,2025-04-23,Paid Search,North
C01670,2025-04-23,Organic,Central
C02857,2025-04-23,Social,North
C01435,2025-04-23,Affiliate,North
C03030,2025-04-23,Email,North
C01140,2025-04-23,Affiliate,South
C02357,2025-04-24,Organic,North
C03720,2025-04-24,Affiliate,East
C00574,2025-04-24,Paid Search,West
C01345,2025-04-24,Organic,North
C03500,2025-04-24,Organic,West
C00355,2025-04-24,Social,South
C02176,2025-04-24,Email,West
C03714,2025-04-24,Affiliate,Central
C03947,2025-04-24,Organic,West
C03293,2025-04-24,Paid Search,East
C02561,2025-04-25,Paid Search,Central
C03308,2025-04-25,Email,South
C03893,2025-04-25,Organic,South
C02127,2025-04-25,Paid Search,West
C00954,2025-04-25,Affiliate,East
C00500,2025-04-25,Affiliate,South
C00163,2025-04-25,Organic,West
C01005,2025-04-25,Email,East
C00145,2025-04-25,Email,East
C01619,2025-04-25,Organic,Central
C01019,2025-04-26,Social,East
C00717,2025-04-26,Organic,Central
C01809,2025-04-26,Paid Search,North
C02583,2025-04-26,Organic,Central
C02367,2025-04-26,Social,West
C02149,2025-04-26,Social,South
C01328,2025-04-26,Affiliate,North
C00814,2025-04-26,Paid Search,West
C01611,2025-04-26,Social,East
C02164,2025-04-27,Organic,South
C00883,2025-04-27,Social,West
C00700,2025-04-27,Email,Central
C03164,2025-04-27,Email,South
C03794,2025-04-27,Organic,East
C02874,2025-04-27,Affiliate,East
C00453,2025-04-27,Paid Search,North
C00020,2025-04-27,Paid Search,East
C02736,2025-04-27,Paid Search,West
C03070,2025-04-27,Paid Search,South
C01173,2025-04-28,Affiliate,Central
C01154,2025-04-28,Organic,East
C01960,2025-04-28,Organic,South
C02838,2025-04-28,Affiliate,South
C02382,2025-04-28,Organic,South
C03370,2025-04-28,Organic,Central
C01824,2025-04-28,Organic,South
C00919,2025-04-28,Affiliate,East
C01950,2025-04-29,Email,West
C00515,2025-04-29,Email,Central
C02239,2025-04-29,Paid Search,South
C02867,2025-04-29,Paid Search,Central
C01638,2025-04-29,Email,East
C03679,2025-04-29,Email,East
C00052,2025-04-29,Organic,Central
C02417,2025-04-29,Social,East
C03621,2025-04-29,Social,South
C00106,2025-04-29,Organic,North
C01764,2025-04-29,Organic,South
C02124,2025-04-30,Affiliate,South
C03704,2025-04-30,Organic,South
C01768,2025-04-30,Social,Central
C03939,2025-04-30,Email,South
C03343,2025-04-30,Social,West
C01028,2025-04-30,Social,East
C01252,2025-04-30,Paid Search,South
C00905,2025-04-30,Organic,Central
C01879,2025-04-30,Paid Search,Central
C00069,2025-04-30,Social,North
C03156,2025-04-30,Social,East
C01400,2025-04-30,Email,South
C00692,2025-05-01,Paid Search,South
C00189,2025-05-01,Email,West
C02104,2025-05-01,Email,East
C02998,2025-05-01,Paid Search,West
C00553,2025-05-01,Organic,North
C03970,2025-05-01,Social,East
C01808,2025-05-01,Email,West
C03945,2025-05-01,Paid Search,Central
C02940,2025-05-01,Organic,East
C00306,2025-05-01,Email,South
C02946,2025-05-01,Organic,West
C01456,2025-05-02,Email,West
C00867,2025-05-02,Organic,South
C01443,2025-05-02,Paid Search,Central
C01861,2025-05-02,Paid Search,West
C00213,2025-05-02,Organic,West
C01915,2025-05-02,Organic,South
C01557,2025-05-02,Paid Search,North
C02571,2025-05-02,Organic,East
C01219,2025-05-02,Paid Search,North
C01165,2025-05-02,Email,East
C01704,2025-05-02,Paid Search,Central
C00353,2025-05-02,Email,North
C01927,2025-05-03,Social,East
C03471,2025-05-03,Paid Search,South
C01322,2025-05-03,Email,Central
C03152,2025-05-03,Organic,East
C03511,2025-05-03,Paid Search,East
C01417,2025-05-03,Email,North
C00084,2025-05-04,Paid Search,South
C03726,2025-05-04,Paid Search,Central
C02519,2025-05-04,Email,East
C01859,2025-05-04,Affiliate,Central
C00832,2025-05-04,Paid Search,South
C02245,2025-05-04,Organic,North
C01337,2025-05-04,Paid Search,West
C02673,2025-05-04,Social,North
C02332,2025-05-04,Email,Central
C00401,2025-05-04,Social,North
C02483,2025-05-04,Paid Search,West
C02608,2025-05-04,Email,East
C00340,2025-05-04,Email,West
C03761,2025-05-04,Organic,North
C02133,2025-05-05,Affiliate,Central
C03467,2025-05-05,Social,Central
C01585,2025-05-05,Paid Search,East
C02002,2025-05-05,Social,East
C00197,2025-05-05,Paid Search,North
C00309,2025-05-05,Organic,East
C02827,2025-05-05,Organic,West
C00538,2025-05-05,Social,South
C00413,2025-05-05,Social,Central
C02020,2025-05-05,Paid Search,East
C00198,2025-05-05,Paid Search,South
C00816,2025-05-05,Email,Central
C03545,2025-05-05,Organic,North
C01008,2025-05-05,Email,South
C00100,2025-05-05,Organic,East
C00256,2025-05-05,Paid Search,Central
C00246,2025-05-05,Organic,West
C02296,2025-05-06,Email,East
C00349,2025-05-06,Paid Search,South
C02728,2025-05-06,Organic,West
C02397,2025-05-06,Social,West
C02739,2025-05-06,Social,East
C00035,2025-05-06,Affiliate,South
C02462,2025-05-06,Paid Search,East
C00545,2025-05-06,Email,South
C03766,2025-05-06,Organic,North
C01740,2025-05-06,Social,East
C02716,2025-05-06,Paid Search,North
C01948,2025-05-06,Affiliate,North
C03673,2025-05-06,Social,South
C01560,2025-05-06,Social,West
C01503,2025-05-06,Social,Central
C01356,2025-05-06,Paid Search,North
C00870,2025-05-06,Email,East
C03841,2025-05-07,Social,North
C02795,2025-05-07,Organic,North
C02134,2025-05-07,Affiliate,Central
C00860,2025-05-07,Organic,East
C00989,2025-05-07,Organic,West
C00161,2025-05-07,Paid Search,East
C02852,2025-05-07,Email,Central
C01724,2025-05-07,Paid Search,East
C00680,2025-05-07,Organic,Central
C02472,2025-05-07,Paid Search,West
C00294,2025-05-07,Email,South
C01473,2025-05-08,Organic,Central
C02248,2025-05-08,Email,South
C01617,2025-05-08,Paid Search,North
C01634,2025-05-08,Paid Search,North
C02362,2025-05-08,Social,Central
C00373,2025-05-08,Affiliate,Central
C03507,2025-05-08,Organic,East
C00147,2025-05-08,Organic,Central
C03193,2025-05-08,Email,Central
C02009,2025-05-08,Email,Central
C00406,2025-05-09,Organic,South
C00031,2025-05-09,Social,East
C01833,2025-05-09,Affiliate,South
C00367,2025-05-09,Organic,North
C03378,2025-05-09,Social,East
C00004,2025-05-09,Paid Search,North
C03801,2025-05-09,Affiliate,Central
C01465,2025-05-09,Social,Central
C03389,2025-05-09,Social,East
C01110,2025-05-10,Email,East
C01525,2025-05-10,Social,West
C01280,2025-05-10,Social,South
C02831,2025-05-10,Organic,Central
C00996,2025-05-10,Organic,North
C00139,2025-05-10,Email,West
C02818,2025-05-10,Email,Central
C03657,2025-05-10,Paid Search,South
C03913,2025-05-10,Email,West
C00377,2025-05-10,Email,South
C00469,2025-05-11,Paid Search,East
C01642,2025-05-11,Organic,East
C03460,2025-05-11,Organic,South
C02128,2025-05-11,Organic,North
C01310,2025-05-11,Social,South
C00518,2025-05-11,Social,Central
C03474,2025-05-11,Email,Central
C01584,2025-05-11,Social,Central
C00620,2025-05-11,Social,West
C00855,2025-05-11,Email,North
C00420,2025-05-11,Paid Search,West
C00811,2025-05-11,Social,North
C01800,2025-05-11,Social,South
C02092,2025-05-11,Affiliate,South
C00797,2025-05-12,Organic,Central
C01519,2025-05-12,Organic,North
C03476,2025-05-12,Organic,North
C00471,2025-05-12,Paid Search,East
C01807,2025-05-12,Organic,East
C00358,2025-05-12,Organic,Central
C00775,2025-05-12,Organic,East
C00232,2025-05-12,Social,South
C00115,2025-05-12,Paid Search,East
C01896,2025-05-12,Paid Search,North
C03166,2025-05-12,Social,East
C02130,2025-05-12,Paid Search,East
C03854,2025-05-12,Organic,Central
C03078,2025-05-13,Social,North
C01108,2025-05-13,Social,South
C02052,2025-05-13,Organic,South
C00880,2025-05-13,Organic,North
C03626,2025-05-13,Social,West
C03103,2025-05-13,Organic,Central
C03822,2025-05-13,Social,Central
C00222,2025-05-13,Organic,South
C00977,2025-05-13,Social,North
C02986,2025-05-13,Email,East
C00068,2025-05-13,Social,East
C01589,2025-05-13,Organic,East
C01366,2025-05-13,Organic,South
C02763,2025-05-13,Organic,West
C02774,2025-05-14,Paid Search,East
C01708,2025-05-14,Paid Search,Central
C02885,2025-05-14,Organic,West
C02813,2025-05-14,Email,Central
C02432,2025-05-14,Email,South
C02775,2025-05-14,Paid Search,South
C02815,2025-05-14,Email,South
C01541,2025-05-15,Paid Search,West
C00556,2025-05-15,Paid Search,North
C01962,2025-05-15,Affiliate,South
C03359,2025-05-15,Paid Search,East
C02419,2025-05-15,Organic,South
C01772,2025-05-15,Social,East
C02914,2025-05-15,Email,West
C00449,2025-05-15,Paid Search,East
C00984,2025-05-15,Organic,Central
C02823,2025-05-15,Paid Search,South
C02442,2025-05-15,Affiliate,East
C03774,2025-05-15,Organic,West
C03196,2025-05-15,Organic,East
C02932,2025-05-15,Social,West
C03211,2025-05-16,Social,East
C00395,2025-05-16,Organic,East
C00255,2025-05-16,Organic,North
C01254,2025-05-16,Organic,West
C01763,2025-05-16,Email,East
C02323,2025-05-16,Affiliate,South
C01710,2025-05-16,Organic,East
C00706,2025-05-16,Affiliate,West
C03708,2025-05-16,Affiliate,East
C00517,2025-05-16,Paid Search,East
C03633,2025-05-17,Affiliate,West
C02112,2025-05-17,Paid Search,South
C03832,2025-05-17,Organic,West
C02881,2025-05-17,Paid Search,South
C00396,2025-05-17,Email,West
C01266,2025-05-17,Email,Central
C03680,2025-05-17,Social,East
C00911,2025-05-17,Social,South
C03223,2025-05-17,Affiliate,East
C01138,2025-05-17,Email,East
C01814,2025-05-17,Affiliate,West
C00736,2025-05-17,Affiliate,East
C03644,2025-05-17,Social,South
C01350,2025-05-17,Paid Search,Central
C03817,2025-05-18,Email,Central
C01741,2025-05-18,Organic,South
C03784,2025-05-18,Organic,Central
C03788,2025-05-18,Organic,East
C02508,2025-05-18,Social,East
C03183,2025-05-18,Paid Search,North
C02556,2025-05-18,Organic,East
C03342,2025-05-18,Paid Search,Central
C02311,2025-05-18,Paid Search,North
C03531,2025-05-18,Paid Search,North
C00555,2025-05-18,Paid Search,North
C02759,2025-05-18,Organic,Central
C00561,2025-05-18,Email,Central
C00278,2025-05-18,Social,East
C02236,2025-05-18,Paid Search,North
C02834,2025-05-18,Email,East
C03200,2025-05-19,Social,Central
C03769,2025-05-19,Organic,West
C02822,2025-05-19,Paid Search,West
C02696,2025-05-19,Organic,East
C00304,2025-05-19,Email,North
C03796,2025-05-19,Organic,West
C00269,2025-05-19,Paid Search,East
C03287,2025-05-19,Organic,Central
C02292,2025-05-19,Organic,North
C01016,2025-05-19,Paid Search,Central
C01076,2025-05-20,Organic,South
C00264,2025-05-20,Email,East
C01799,2025-05-20,Organic,South
C01377,2025-05-20,Affiliate,West
C01577,2025-05-20,Affiliate,East
C02547,2025-05-21,Email,West
C00810,2025-05-21,Social,East
C03934,2025-05-21,Email,South
C02528,2025-05-21,Email,Central
C03430,2025-05-21,Social,Central
C02570,2025-05-21,Paid Search,South
C00343,2025-05-21,Affiliate,South
C03806,2025-05-21,Social,West
C02651,2025-05-21,Social,North
C02997,2025-05-21,Organic,Central
C00535,2025-05-21,Organic,Central
C03725,2025-05-21,Paid Search,West
C03978,2025-05-21,Email,South
C03269,2025-05-21,Email,East
C00937,2025-05-22,Organic,Central
C02141,2025-05-22,Affiliate,North
C00653,2025-05-22,Paid Search,South
C01126,2025-05-22,Paid Search,East
C00480,2025-05-22,Paid Search,West
C03845,2025-05-22,Social,North
C03836,2025-05-22,Social,West
C02868,2025-05-22,Social,North
C01162,2025-05-22,Organic,East
C03581,2025-05-22,Email,Central
C00839,2025-05-23,Affiliate,West
C03800,2025-05-23,Affiliate,West
C01080,2025-05-23,Organic,South
C01487,2025-05-23,Email,South
C02196,2025-05-23,Paid Search,South
C02655,2025-05-23,Affiliate,East
C03546,2025-05-23,Organic,Central
C03937,2025-05-23,Paid Search,West
C02922,2025-05-23,Social,East
C01506,2025-05-23,Social,South
C02304,2025-05-23,Social,Central
C03782,2025-05-23,Social,West
C02993,2025-05-23,Paid Search,North
C02844,2025-05-23,Organic,West
C01087,2025-05-24,Social,East
C00526,2025-05-24,Email,Central
C00723,2025-05-24,Affiliate,East
C02286,2025-05-24,Organic,South
C03982,2025-05-24,Affiliate,South
C02379,2025-05-24,Email,South
C00765,2025-05-24,Paid Search,North
C00836,2025-05-24,Email,South
C00038,2025-05-24,Affiliate,South
C01276,2025-05-24,Organic,South
C03736,2025-05-24,Social,East
C03326,2025-05-25,Affiliate,South
C01406,2025-05-25,Email,East
C02030,2025-05-25,Paid Search,South
C03002,2025-05-25,Organic,South
C00101,2025-05-25,Affiliate,South
C02151,2025-05-25,Social,Central
C03646,2025-05-25,Organic,East
C00359,2025-05-25,Paid Search,South
C01284,2025-05-25,Paid Search,Central
C01023,2025-05-25,Affiliate,West
C00472,2025-05-25,Email,East
C03645,2025-05-25,Email,Central
C01198,2025-05-25,Organic,West
C01462,2025-05-26,Paid Search,South
C03388,2025-05-26,Paid Search,North
C03954,2025-05-26,Organic,North
C01743,2025-05-26,Organic,East
C00747,2025-05-26,Affiliate,West
C00732,2025-05-26,Paid Search,North
C02568,2025-05-26,Email,North
C00450,2025-05-26,Social,South
C03225,2025-05-26,Paid Search,North
C01213,2025-05-26,Paid Search,North
C01615,2025-05-27,Organic,West
C00772,2025-05-27,Organic,West
C03792,2025-05-27,Paid Search,North
C00712,2025-05-27,Organic,West
C00537,2025-05-27,Email,North
C03328,2025-05-27,Affiliate,East
C01643,2025-05-27,Email,North
C00677,2025-05-27,Organic,Central
C03387,2025-05-27,Paid Search,East
C01755,2025-05-27,Social,West
C00415,2025-05-27,Social,West
C01761,2025-05-27,Social,Central
C01295,2025-05-27,Organic,West
C03361,2025-05-27,Social,South
C02409,2025-05-27,Social,South
C00485,2025-05-28,Organic,South
C02950,2025-05-28,Organic,East
C03996,2025-05-28,Paid Search,East
C03676,2025-05-28,Social,South
C02926,2025-05-29,Paid Search,North
C00722,2025-05-29,Paid Search,East
C01784,2025-05-29,Organic,East
C00360,2025-05-29,Email,South
C01195,2025-05-29,Social,North
C01069,2025-05-29,Email,West
C00846,2025-05-29,Paid Search,North
C02019,2025-05-29,Organic,West
C00576,2025-05-29,Organic,South
C00078,2025-05-29,Affiliate,South
C02016,2025-05-29,Paid Search,North
C00876,2025-05-29,Email,East
C00116,2025-05-29,Paid Search,North
C01661,2025-05-30,Paid Search,North
C02000,2025-05-30,Social,North
C02377,2025-05-30,Email,Central
C02648,2025-05-30,Social,South
C02929,2025-05-30,Paid Search,Central
C03656,2025-05-30,Email,East
C03671,2025-05-30,Affiliate,Central
C02305,2025-05-30,Affiliate,East
C02188,2025-05-30,Organic,South
C03133,2025-05-30,Organic,South
C03773,2025-05-30,Paid Search,East
C02855,2025-05-30,Paid Search,East
C01978,2025-05-30,Organic,West
C03115,2025-05-30,Organic,North
C00921,2025-05-30,Paid Search,West
C01732,2025-05-31,Organic,West
C03082,2025-05-31,Organic,East
C00931,2025-05-31,Paid Search,Central
C03006,2025-05-31,Email,West
C02814,2025-05-31,Social,South
C00036,2025-05-31,Organic,North
C02226,2025-05-31,Paid Search,North
C02158,2025-05-31,Organic,North
C01485,2025-05-31,Social,Central
C01694,2025-05-31,Organic,North
C03985,2025-05-31,Paid Search,North
C00896,2025-06-01,Email,Central
C03177,2025-06-01,Affiliate,East
C00326,2025-06-01,Paid Search,Central
C01870,2025-06-01,Organic,East
C02048,2025-06-01,Social,Central
C02702,2025-06-01,Social,South
C01041,2025-06-01,Social,South
C02901,2025-06-02,Paid Search,Central
C02087,2025-06-02,Organic,Central
C02322,2025-06-02,Affiliate,South
C00044,2025-06-02,Affiliate,East
C02370,2025-06-02,Paid Search,North
C01334,2025-06-02,Organic,West
C03637,2025-06-02,Organic,South
C00746,2025-06-02,Affiliate,East
C01296,2025-06-02,Social,Central
C01301,2025-06-02,Paid Search,North
C01225,2025-06-02,Organic,Central
C01189,2025-06-02,Paid Search,South
C00149,2025-06-02,Paid Search,South
C00210,2025-06-02,Organic,East
C00162,2025-06-02,Email,East
C02882,2025-06-02,Organic,East
C01275,2025-06-02,Social,North
C00093,2025-06-03,Social,North
C03127,2025-06-03,Social,North
C03702,2025-06-03,Organic,North
C02754,2025-06-03,Paid Search,North
C03015,2025-06-03,Affiliate,North
C02042,2025-06-03,Paid Search,Central
C02913,2025-06-03,Organic,South
C02258,2025-06-03,Email,South
C01184,2025-06-03,Paid Search,Central
C01142,2025-06-03,Social,North
C00376,2025-06-03,Paid Search,North
C00684,2025-06-04,Affiliate,North
C02324,2025-06-04,Social,West
C00079,2025-06-04,Affiliate,North
C00282,2025-06-04,Social,North
C03153,2025-06-04,Paid Search,Central
C01032,2025-06-04,Social,East
C03352,2025-06-04,Affiliate,Central
C00050,2025-06-04,Paid Search,Central
C02391,2025-06-04,Organic,West
C01409,2025-06-04,Email,Central
C01813,2025-06-05,Paid Search,Central
C03380,2025-06-05,Organic,East
C00944,2025-06-05,Social,North
C03915,2025-06-05,Affiliate,South
C00067,2025-06-05,Social,West
C03984,2025-06-05,Email,Central
C00203,2025-06-05,Affiliate,South
C00072,2025-06-05,Affiliate,East
C00023,2025-06-05,Social,North
C00933,2025-06-05,Organic,North
C01864,2025-06-05,Affiliate,Central
C01180,2025-06-05,Paid Search,East
C03350,2025-06-05,Organic,East
C03544,2025-06-05,Organic,South
C00029,2025-06-06,Email,East
C03855,2025-06-06,Affiliate,East
C02618,2025-06-06,Social,West
C01805,2025-06-06,Social,East
C02689,2025-06-06,Paid Search,East
C01726,2025-06-06,Email,West
C01932,2025-06-06,Affiliate,West
C03510,2025-06-06,Organic,North
C00312,2025-06-06,Organic,West
C02105,2025-06-07,Organic,West
C03446,2025-06-07,Email,North
C03366,2025-06-07,Organic,North
C00812,2025-06-07,Organic,Central
C01403,2025-06-07,Email,East
C00978,2025-06-07,Organic,North
C01264,2025-06-07,Email,East
C02129,2025-06-07,Affiliate,Central
C03874,2025-06-07,Organic,West
C02532,2025-06-07,Affiliate,North
C01518,2025-06-07,Organic,East
C03887,2025-06-07,Paid Search,South
C02049,2025-06-07,Social,West
C03180,2025-06-07,Email,East
C00361,2025-06-08,Organic,Central
C00819,2025-06-08,Social,North
C03517,2025-06-08,Organic,East
C03665,2025-06-08,Affiliate,East
C02345,2025-06-08,Paid Search,South
C01340,2025-06-08,Email,East
C02461,2025-06-08,Social,Central
C03597,2025-06-08,Organic,South
C03065,2025-06-08,Organic,Central
C01562,2025-06-08,Organic,North
C02515,2025-06-08,Organic,North
C02243,2025-06-08,Social,East
C00950,2025-06-09,Organic,North
C02639,2025-06-09,Organic,West
C02260,2025-06-09,Paid Search,West
C03694,2025-06-09,Paid Search,South
C00212,2025-06-09,Paid Search,Central
C01590,2025-06-09,Affiliate,West
C02394,2025-06-09,Affiliate,West
C00755,2025-06-09,Email,Central
C01671,2025-06-09,Email,East
C03344,2025-06-09,Organic,Central
C03706,2025-06-09,Email,West
C00779,2025-06-10,Paid Search,East
C01002,2025-06-10,Email,North
C01404,2025-06-10,Paid Search,West
C01197,2025-06-10,Paid Search,Central
C00912,2025-06-10,Email,South
C00750,2025-06-10,Social,North
C00451,2025-06-10,Organic,South
C03247,2025-06-10,Paid Search,West
C03727,2025-06-10,Email,East
C02468,2025-06-10,Affiliate,West
C02681,2025-06-11,Email,Central
C03738,2025-06-11,Paid Search,West
C02229,2025-06-11,Organic,East
C02077,2025-06-11,Social,North
C03552,2025-06-11,Organic,North
C00715,2025-06-11,Social,South
C00034,2025-06-11,Affiliate,South
C03883,2025-06-11,Organic,South
C01262,2025-06-11,Social,South
C02965,2025-06-11,Paid Search,West
C00505,2025-06-11,Email,South
C03171,2025-06-12,Paid Search,North
C03509,2025-06-12,Organic,West
C01834,2025-06-12,Social,West
C03248,2025-06-12,Email,East
C00478,2025-06-12,Affiliate,North
C00947,2025-06-12,Paid Search,Central
C02448,2025-06-12,Paid Search,South
C02541,2025-06-12,Paid Search,North
C00506,2025-06-12,Organic,West
C02985,2025-06-12,Paid Search,North
C03126,2025-06-12,Social,South
C03600,2025-06-12,Social,East
C00113,2025-06-13,Paid Search,East
C00325,2025-06-13,Paid Search,West
C01157,2025-06-13,Affiliate,East
C03935,2025-06-13,Organic,Central
C02670,2025-06-13,Organic,West
C03662,2025-06-13,Social,East
C02674,2025-06-13,Organic,Central
C00310,2025-06-13,Organic,Central
C00332,2025-06-13,Social,West
C01532,2025-06-13,Social,West
C00173,2025-06-13,Organic,South
C01220,2025-06-13,Email,Central
C02167,2025-06-14,Paid Search,East
C00095,2025-06-14,Organic,Central
C00608,2025-06-14,Social,Central
C03876,2025-06-14,Email,South
C01382,2025-06-14,Affiliate,Central
C01121,2025-06-14,Organic,Central
C03391,2025-06-14,Social,East
C01106,2025-06-14,Email,West
C00805,2025-06-14,Paid Search,North
C03363,2025-06-14,Email,West
C00208,2025-06-14,Affiliate,East
C03764,2025-06-15,Organic,East
C01011,2025-06-15,Organic,South
C02031,2025-06-15,Organic,West
C02933,2025-06-15,Paid Search,West
C03729,2025-06-15,Affiliate,West
C03167,2025-06-15,Social,South
C01709,2025-06-15,Social,South
C00970,2025-06-15,Organic,West
C03092,2025-06-15,Social,Central
C00409,2025-06-15,Social,North
C02204,2025-06-15,Paid Search,East
C03400,2025-06-15,Organic,North
C02447,2025-06-15,Paid Search,East
C03150,2025-06-16,Social,West
C00499,2025-06-16,Paid Search,West
C02346,2025-06-16,Paid Search,Central
C01658,2025-06-16,Affiliate,South
C03373,2025-06-16,Paid Search,South
C00320,2025-06-16,Paid Search,East
C02341,2025-06-16,Social,North
C02214,2025-06-16,Organic,South
C02421,2025-06-17,Organic,North
C01271,2025-06-17,Social,West
C00257,2025-06-17,Social,South
C02264,2025-06-17,Paid Search,Central
C01067,2025-06-17,Email,North
C02550,2025-06-17,Organic,West
C01539,2025-06-17,Paid Search,Central
C00434,2025-06-17,Social,West
C01613,2025-06-17,Email,South
C02481,2025-06-17,Social,East
C03230,2025-06-18,Email,South
C00087,2025-06-18,Organic,South
C00112,2025-06-18,Affiliate,East
C03808,2025-06-18,Social,East
C02160,2025-06-18,Email,West
C01520,2025-06-18,Organic,Central
C00288,2025-06-18,Paid Search,North
C00682,2025-06-19,Social,South
C02400,2025-06-19,Email,West
C00142,2025-06-19,Organic,West
C00685,2025-06-19,Paid Search,Central
C01945,2025-06-19,Affiliate,East
C03472,2025-06-19,Paid Search,South
C03974,2025-06-19,Email,East
C00691,2025-06-19,Email,East
C03090,2025-06-19,Email,West
C01958,2025-06-19,Social,Central
C02368,2025-06-20,Organic,North
C03042,2025-06-20,Organic,Central
C03666,2025-06-20,Affiliate,North
C03627,2025-06-20,Email,South
C00567,2025-06-20,Paid Search,West
C01795,2025-06-20,Organic,Central
C00215,2025-06-20,Paid Search,East
C00307,2025-06-20,Social,East
C02067,2025-06-20,Paid Search,Central
C00081,2025-06-20,Email,East
C03584,2025-06-20,Social,Central
C00357,2025-06-21,Paid Search,West
C00787,2025-06-21,Email,Central
C02941,2025-06-21,Organic,West
C02347,2025-06-21,Organic,East
C00301,2025-06-21,Organic,East
C01183,2025-06-21,Affiliate,South
C03096,2025-06-21,Social,South
C01549,2025-06-22,Affiliate,North
C02380,2025-06-22,Organic,Central
C02384,2025-06-22,Social,Central
C01105,2025-06-22,Paid Search,South
C00834,2025-06-22,Paid Search,North
C00940,2025-06-22,Affiliate,North
C01335,2025-06-22,Email,South
C03862,2025-06-22,Social,West
C03890,2025-06-22,Paid Search,North
C02697,2025-06-22,Email,West
C03356,2025-06-22,Affiliate,North
C02961,2025-06-22,Paid Search,North
C03825,2025-06-22,Social,West
C01627,2025-06-22,Paid Search,Central
C02458,2025-06-22,Organic,East
C03014,2025-06-23,Affiliate,East
C00328,2025-06-23,Email,South
C01669,2025-06-23,Organic,North
C02757,2025-06-23,Affiliate,East
C01171,2025-06-23,Social,East
C02026,2025-06-23,Social,West
C03987,2025-06-23,Affiliate,Central
C03437,2025-06-23,Paid Search,North
C01624,2025-06-24,Organic,West
C02182,2025-06-24,Organic,East
C02373,2025-06-24,Organic,Central
C01581,2025-06-24,Social,West
C00768,2025-06-24,Affiliate,Central
C03205,2025-06-24,Email,South
C02253,2025-06-24,Organic,North
C02810,2025-06-24,Paid Search,South
C03469,2025-06-24,Social,South
C02359,2025-06-25,Paid Search,West
C02539,2025-06-25,Paid Search,South
C01405,2025-06-25,Social,East
C02811,2025-06-25,Organic,East
C03512,2025-06-25,Paid Search,North
C03278,2025-06-25,Paid Search,South
C01997,2025-06-25,Affiliate,East
C01319,2025-06-25,Social,East
C02316,2025-06-25,Paid Search,East
C02078,2025-06-25,Organic,South
C01133,2025-06-25,Social,Central
C00916,2025-06-25,Social,North
C03994,2025-06-25,Email,South
C03324,2025-06-26,Organic,West
C01818,2025-06-26,Affiliate,South
C00967,2025-06-26,Paid Search,West
C01426,2025-06-26,Affiliate,North
C01787,2025-06-26,Social,North
C02198,2025-06-26,Email,West
C02170,2025-06-26,Organic,Central
C00371,2025-06-26,Email,East
C03289,2025-06-26,Email,West
C03079,2025-06-26,Affiliate,East
C01282,2025-06-27,Social,West
C03277,2025-06-27,Social,East
C02063,2025-06-27,Paid Search,North
C01438,2025-06-27,Paid Search,South
C00845,2025-06-27,Paid Search,North
C02908,2025-06-27,Social,Central
C03123,2025-06-27,Organic,Central
C02308,2025-06-27,Paid Search,East
C01683,2025-06-27,Paid Search,West
C01117,2025-06-27,Social,East
C02216,2025-06-27,Affiliate,West
C00837,2025-06-28,Social,East
C00695,2025-06-28,Organic,South
C02752,2025-06-28,Affiliate,North
C02313,2025-06-28,Paid Search,East
C01494,2025-06-28,Affiliate,East
C03266,2025-06-28,Paid Search,East
C00946,2025-06-28,Affiliate,North
C01194,2025-06-29,Organic,South
C01829,2025-06-29,Paid Search,North
C00891,2025-06-29,Social,East
C00570,2025-06-29,Paid Search,North
C01415,2025-06-29,Paid Search,West
C03019,2025-06-29,Organic,South
C03698,2025-06-29,Social,South
C03508,2025-06-29,Email,East
C00986,2025-06-29,Email,North
C01224,2025-06-29,Email,East
C02614,2025-06-29,Social,North
C02534,2025-06-29,Social,North
C01428,2025-06-30,Organic,East
C01828,2025-06-30,Organic,East
C02786,2025-06-30,Social,Central
C01739,2025-07-01,Social,Central
C02958,2025-07-01,Organic,North
C01916,2025-07-01,Paid Search,Central
C03668,2025-07-01,Email,Central
C03869,2025-07-01,Email,North
C02445,2025-07-01,Paid Search,Central
C01072,2025-07-01,Organic,South
C03491,2025-07-01,Paid Search,East
C02183,2025-07-02,Social,South
C01116,2025-07-02,Email,Central
C01059,2025-07-02,Paid Search,West
C00230,2025-07-02,Paid Search,East
C00998,2025-07-02,Organic,East
C03988,2025-07-02,Affiliate,North
C03900,2025-07-02,Organic,North
C01135,2025-07-02,Social,South
C00039,2025-07-02,Social,East
C03495,2025-07-03,Organic,West
C00806,2025-07-03,Organic,East
C00640,2025-07-03,Email,East
C03091,2025-07-03,Organic,Central
C03659,2025-07-03,Paid Search,South
C03858,2025-07-03,Social,North
C00460,2025-07-03,Organic,South
C00966,2025-07-03,Organic,East
C01721,2025-07-03,Social,North
C01790,2025-07-03,Paid Search,West
C01460,2025-07-03,Organic,Central
C01876,2025-07-03,Paid Search,East
C00719,2025-07-04,Organic,West
C02037,2025-07-04,Organic,West
C03779,2025-07-04,Paid Search,North
C02509,2025-07-04,Paid Search,Central
C00005,2025-07-04,Social,East
C01869,2025-07-04,Organic,West
C03272,2025-07-04,Paid Search,North
C01690,2025-07-04,Organic,North
C02819,2025-07-04,Paid Search,Central
C01956,2025-07-04,Social,East
C00433,2025-07-04,Paid Search,Central
C03586,2025-07-04,Organic,East
C01207,2025-07-04,Affiliate,North
C01012,2025-07-05,Social,East
C00165,2025-07-05,Organic,West
C02565,2025-07-05,Organic,East
C03259,2025-07-05,Paid Search,Central
C01185,2025-07-05,Paid Search,South
C01058,2025-07-05,Affiliate,Central
C00297,2025-07-05,Social,South
C01474,2025-07-05,Social,South
C00247,2025-07-05,Social,West
C00091,2025-07-05,Email,West
C00167,2025-07-05,Paid Search,West
C02064,2025-07-05,Affiliate,North
C02101,2025-07-06,Paid Search,East
C03314,2025-07-06,Paid Search,South
C00794,2025-07-06,Organic,East
C00345,2025-07-06,Organic,North
C01048,2025-07-06,Email,East
C03577,2025-07-06,Affiliate,East
C00707,2025-07-06,Paid Search,North
C02951,2025-07-06,Organic,Central
C03608,2025-07-06,Organic,North
C02859,2025-07-06,Paid Search,East
C00436,2025-07-06,Organic,East
C02778,2025-07-06,Paid Search,North
C01908,2025-07-06,Affiliate,West
C00271,2025-07-06,Paid Search,South
C01900,2025-07-06,Organic,South
C01081,2025-07-07,Email,Central
C02637,2025-07-07,Organic,West
C02240,2025-07-07,Social,West
C00154,2025-07-07,Affiliate,Central
C01170,2025-07-07,Paid Search,West
C01427,2025-07-07,Paid Search,Central
C01963,2025-07-07,Paid Search,South
C02849,2025-07-07,Affiliate,West
C01735,2025-07-07,Paid Search,North
C01229,2025-07-08,Paid Search,East
C03951,2025-07-08,Affiliate,West
C01819,2025-07-08,Organic,North
C01886,2025-07-08,Email,East
C01357,2025-07-08,Email,East
C01951,2025-07-08,Social,Central
C02865,2025-07-08,Email,Central
C00221,2025-07-08,Paid Search,East
C02467,2025-07-08,Organic,North
C02889,2025-07-09,Paid Search,West
C03675,2025-07-09,Paid Search,South
C01810,2025-07-09,Paid Search,West
C01576,2025-07-09,Organic,East
C01880,2025-07-09,Organic,Central
C01390,2025-07-09,Social,East
C03162,2025-07-09,Organic,East
C00943,2025-07-09,Organic,West
C03641,2025-07-09,Social,North
C00181,2025-07-10,Organic,North
C00664,2025-07-10,Social,North
C02917,2025-07-10,Organic,East
C01894,2025-07-10,Paid Search,West
C03635,2025-07-10,Social,South
C03024,2025-07-11,Organic,East
C02678,2025-07-11,Affiliate,West
C00573,2025-07-11,Affiliate,West
C02549,2025-07-11,Paid Search,East
C01607,2025-07-11,Affiliate,North
C02560,2025-07-11,Email,East
C03229,2025-07-11,Social,South
C02179,2025-07-11,Paid Search,East
C00889,2025-07-11,Email,North
C02424,2025-07-11,Affiliate,East
C01360,2025-07-11,Affiliate,West
C00607,2025-07-11,Affiliate,West
C01281,2025-07-11,Social,East
C02003,2025-07-12,Paid Search,East
C01821,2025-07-12,Social,Central
C03962,2025-07-12,Organic,South
C03930,2025-07-12,Email,South
C00185,2025-07-12,Email,North
C03429,2025-07-12,Organic,East
C03670,2025-07-12,Email,North
C03856,2025-07-12,Email,East
C03111,2025-07-12,Paid Search,West
C02888,2025-07-12,Organic,East
C01656,2025-07-12,Email,South
C01756,2025-07-12,Affiliate,West
C02008,2025-07-12,Organic,North
C03719,2025-07-13,Social,North
C01804,2025-07-13,Email,Central
C03485,2025-07-13,Organic,West
C00554,2025-07-13,Social,Central
C03571,2025-07-13,Affiliate,West
C03652,2025-07-14,Social,Central
C00179,2025-07-14,Paid Search,North
C03154,2025-07-14,Email,Central
C03032,2025-07-14,Email,East
C00699,2025-07-14,Paid Search,East
C03916,2025-07-14,Email,East
C00965,2025-07-14,Organic,North
C03375,2025-07-14,Social,West
C03347,2025-07-14,Organic,West
C03340,2025-07-15,Organic,Central
C03232,2025-07-15,Organic,East
C03894,2025-07-15,Social,East
C01654,2025-07-15,Paid Search,Central
C01186,2025-07-15,Social,West
C01770,2025-07-15,Email,East
C02405,2025-07-15,Email,East
C01648,2025-07-15,Email,South
C02349,2025-07-15,Email,East
C03770,2025-07-15,Organic,Central
C00383,2025-07-15,Paid Search,East
C03936,2025-07-15,Paid Search,East
C03751,2025-07-15,Paid Search,South
C00018,2025-07-15,Social,Central
C02355,2025-07-15,Paid Search,East
C01837,2025-07-15,Email,West
C03955,2025-07-15,Email,North
C02677,2025-07-15,Organic,East
C02376,2025-07-16,Paid Search,West
C03222,2025-07-16,Email,Central
C00227,2025-07-16,Email,East
C02633,2025-07-16,Organic,West
C03169,2025-07-16,Paid Search,Central
C02080,2025-07-16,Paid Search,West
C00416,2025-07-16,Email,East
C02707,2025-07-16,Paid Search,Central
C02982,2025-07-16,Social,West
C02055,2025-07-16,Email,South
C03148,2025-07-16,Email,East
C03001,2025-07-16,Social,North
C01882,2025-07-16,Social,Central
C00652,2025-07-16,Paid Search,Central
C01380,2025-07-16,Email,Central
C01278,2025-07-17,Organic,South
C02099,2025-07-17,Organic,North
C00915,2025-07-17,Organic,East
C03450,2025-07-17,Organic,Central
C00300,2025-07-17,Social,East
C02473,2025-07-17,Email,West
C03031,2025-07-17,Affiliate,North
C01102,2025-07-17,Paid Search,East
C00040,2025-07-17,Email,East
C01587,2025-07-17,Organic,Central
C03285,2025-07-17,Organic,South
C02010,2025-07-17,Email,South
C02919,2025-07-18,Paid Search,South
C00096,2025-07-18,Social,East
C02746,2025-07-18,Affiliate,Central
C03565,2025-07-18,Affiliate,North
C01754,2025-07-18,Organic,North
C02039,2025-07-18,Organic,West
C02861,2025-07-18,Social,North
C01210,2025-07-18,Organic,South
C03353,2025-07-18,Social,West
C03021,2025-07-18,Paid Search,East
C01727,2025-07-19,Organic,Central
C00593,2025-07-19,Paid Search,East
C00592,2025-07-19,Organic,West
C00714,2025-07-19,Organic,East
C01662,2025-07-19,Email,East
C03186,2025-07-19,Organic,North
C01940,2025-07-19,Email,West
C00985,2025-07-19,Paid Search,Central
C01621,2025-07-19,Email,North
C00008,2025-07-19,Organic,North
C02218,2025-07-20,Social,East
C02538,2025-07-20,Social,South
C01713,2025-07-20,Email,West
C00612,2025-07-20,Email,Central
C00026,2025-07-20,Paid Search,East
C02576,2025-07-20,Organic,East
C03598,2025-07-20,Affiliate,East
C01626,2025-07-20,Organic,West
C02095,2025-07-20,Organic,West
C03099,2025-07-21,Affiliate,East
C01715,2025-07-21,Organic,East
C02072,2025-07-21,Organic,South
C00801,2025-07-21,Organic,Central
C00103,2025-07-21,Email,North
C03231,2025-07-21,Paid Search,West
C03029,2025-07-21,Organic,Central
C01711,2025-07-21,Affiliate,East
C03775,2025-07-21,Social,East
C03986,2025-07-21,Organic,West
C02148,2025-07-21,Email,North
C03967,2025-07-21,Organic,South
C03364,2025-07-21,Paid Search,East
C00323,2025-07-21,Affiliate,Central
C03335,2025-07-22,Organic,South
C01066,2025-07-22,Paid Search,East
C00831,2025-07-22,Paid Search,East
C03397,2025-07-22,Organic,South
C02460,2025-07-22,Social,West
C01858,2025-07-23,Paid Search,East
C02034,2025-07-23,Affiliate,East
C01976,2025-07-23,Social,Central
C01248,2025-07-23,Organic,South
C01365,2025-07-23,Email,West
C00843,2025-07-23,Organic,East
C01536,2025-07-23,Organic,Central
C02711,2025-07-23,Organic,North
C01035,2025-07-23,Organic,East
C02223,2025-07-23,Organic,North
C00590,2025-07-23,Organic,West
C02348,2025-07-23,Organic,South
C00726,2025-07-24,Paid Search,South
C02435,2025-07-24,Paid Search,North
C02796,2025-07-24,Email,East
C01258,2025-07-24,Organic,Central
C01588,2025-07-24,Affiliate,East
C03868,2025-07-24,Paid Search,Central
C00654,2025-07-24,Paid Search,North
C03303,2025-07-24,Email,East
C02107,2025-07-24,Paid Search,South
C03589,2025-07-24,Email,East
C00489,2025-07-24,Paid Search,East
C02812,2025-07-25,Social,Central
C00473,2025-07-25,Paid Search,East
C03333,2025-07-25,Paid Search,South
C00013,2025-07-25,Social,South
C01236,2025-07-25,Organic,East
C03852,2025-07-25,Paid Search,East
C03927,2025-07-25,Email,West
C00665,2025-07-25,Email,North
C01696,2025-07-25,Affiliate,North
C01444,2025-07-25,Organic,Central
C01127,2025-07-25,Organic,South
C03797,2025-07-26,Organic,West
C02084,2025-07-26,Paid Search,West
C02522,2025-07-26,Affiliate,South
C01378,2025-07-26,Organic,East
C03897,2025-07-26,Email,East
C01716,2025-07-26,Email,South
C03620,2025-07-26,Paid Search,East
C03923,2025-07-26,Paid Search,North
C02828,2025-07-26,Paid Search,East
C01259,2025-07-26,Paid Search,West
C02683,2025-07-26,Paid Search,North
C02572,2025-07-27,Email,East
C02906,2025-07-27,Organic,West
C00504,2025-07-27,Affiliate,East
C00168,2025-07-27,Affiliate,West
C00273,2025-07-27,Paid Search,East
C01314,2025-07-27,Paid Search,East
C02378,2025-07-27,Organic,South
C01815,2025-07-27,Social,South
C01842,2025-07-27,Organic,East
C03379,2025-07-27,Organic,North
C03505,2025-07-27,Paid Search,North
C01972,2025-07-27,Social,Central
C00655,2025-07-27,Affiliate,East
C03918,2025-07-28,Social,South
C00725,2025-07-28,Social,South
C02317,2025-07-28,Organic,East
C03569,2025-07-28,Organic,North
C01320,2025-07-28,Email,West
C01921,2025-07-28,Email,South
C02449,2025-07-28,Organic,North
C03407,2025-07-28,Affiliate,East
C00784,2025-07-28,Paid Search,East
C00745,2025-07-28,Organic,East
C02542,2025-07-28,Social,East
C00207,2025-07-28,Organic,East
C03888,2025-07-28,Organic,East
C01892,2025-07-29,Organic,North
C00160,2025-07-29,Affiliate,East
C01719,2025-07-29,Affiliate,East
C03601,2025-07-29,Email,Central
C02602,2025-07-29,Organic,South
C03415,2025-07-29,Paid Search,Central
C01910,2025-07-30,Social,South
C02426,2025-07-30,Affiliate,East
C03966,2025-07-30,Organic,South
C02664,2025-07-30,Paid Search,East
C01311,2025-07-30,Organic,North
C01599,2025-07-30,Paid Search,Central
C01897,2025-07-30,Paid Search,East
C02423,2025-07-30,Social,West
C00392,2025-07-30,Affiliate,East
C03880,2025-07-30,Affiliate,South
C02756,2025-07-30,Social,North
C01666,2025-07-30,Paid Search,East
C01486,2025-07-31,Paid Search,North
C01272,2025-07-31,Organic,North
C03059,2025-07-31,Email,South
C03850,2025-07-31,Organic,South
C00782,2025-07-31,Organic,North
C00982,2025-07-31,Organic,East
C01397,2025-07-31,Affiliate,West
C02071,2025-07-31,Organic,South
C01580,2025-07-31,Affiliate,East
C01898,2025-07-31,Paid Search,East
C01637,2025-08-01,Social,Central
C01982,2025-08-01,Paid Search,North
C00094,2025-08-01,Affiliate,South
C03376,2025-08-01,Social,North
C03198,2025-08-01,Organic,East
C03465,2025-08-01,Paid Search,South
C01744,2025-08-01,Affiliate,Central
C02661,2025-08-01,Paid Search,North
C00204,2025-08-01,Paid Search,East
C03534,2025-08-01,Organic,North
C00563,2025-08-01,Paid Search,East
C02760,2025-08-01,Affiliate,South
C02215,2025-08-02,Social,Central
C00671,2025-08-02,Organic,East
C00898,2025-08-02,Email,East
C02109,2025-08-02,Organic,East
C02354,2025-08-02,Paid Search,North
C01324,2025-08-02,Organic,North
C00847,2025-08-02,Organic,North
C02533,2025-08-02,Social,South
C01657,2025-08-02,Social,East
C01146,2025-08-02,Paid Search,West
C00999,2025-08-02,Paid Search,South
C03564,2025-08-02,Social,East
C00764,2025-08-02,Paid Search,East
C02603,2025-08-03,Email,Central
C00866,2025-08-03,Email,West
C00474,2025-08-03,Social,West
C02171,2025-08-03,Social,East
C03896,2025-08-03,Organic,North
C02478,2025-08-03,Social,North
C02013,2025-08-03,Social,North
C01313,2025-08-03,Organic,East
C03010,2025-08-04,Paid Search,Central
C03488,2025-08-04,Paid Search,South
C03754,2025-08-04,Paid Search,East
C02621,2025-08-04,Email,South
C01912,2025-08-04,Organic,East
C01782,2025-08-04,Organic,East
C03484,2025-08-04,Social,East
C02598,2025-08-04,Email,East
C00614,2025-08-04,Email,North
C00379,2025-08-04,Paid Search,East
C00064,2025-08-04,Affiliate,Central
C02663,2025-08-04,Social,East
C00085,2025-08-04,Social,West
C00584,2025-08-04,Organic,South
C02178,2025-08-05,Social,West
C00012,2025-08-05,Paid Search,East
C00098,2025-08-05,Paid Search,South
C00754,2025-08-05,Email,West
C02653,2025-08-05,Paid Search,East
C03226,2025-08-05,Email,North
C03141,2025-08-05,Social,North
C03695,2025-08-05,Social,East
C00826,2025-08-05,Paid Search,East
C02155,2025-08-05,Affiliate,North
C01449,2025-08-05,Organic,West
C03131,2025-08-06,Paid Search,West
C00444,2025-08-06,Affiliate,Central
C03574,2025-08-06,Paid Search,West
C03201,2025-08-06,Social,North
C03750,2025-08-06,Affiliate,North
C03791,2025-08-06,Paid Search,South
C03969,2025-08-06,Paid Search,North
C03561,2025-08-06,Social,South
C00097,2025-08-06,Email,East
C00990,2025-08-07,Email,East
C01238,2025-08-07,Organic,East
C03529,2025-08-07,Organic,Central
C01890,2025-08-07,Social,North
C00218,2025-08-07,Affiliate,Central
C00398,2025-08-07,Paid Search,North
C01481,2025-08-07,Social,East
C01068,2025-08-08,Paid Search,Central
C02642,2025-08-08,Paid Search,Central
C02410,2025-08-08,Organic,East
C02118,2025-08-08,Affiliate,West
C03311,2025-08-08,Social,East
C03780,2025-08-08,Paid Search,East
C00063,2025-08-08,Organic,Central
C01323,2025-08-08,Paid Search,North
C03632,2025-08-08,Affiliate,East
C02079,2025-08-08,Social,West
C00030,2025-08-09,Social,East
C01226,2025-08-09,Paid Search,South
C02469,2025-08-09,Organic,South
C03917,2025-08-09,Paid Search,Central
C02788,2025-08-09,Social,Central
C01137,2025-08-09,Social,Central
C00598,2025-08-09,Paid Search,North
C00886,2025-08-09,Social,Central
C01846,2025-08-09,Paid Search,West
C00276,2025-08-09,Social,East
C01651,2025-08-10,Paid Search,South
C02544,2025-08-10,Affiliate,Central
C00405,2025-08-10,Organic,North
C01955,2025-08-10,Affiliate,West
C03088,2025-08-10,Email,West
C01839,2025-08-10,Social,East
C03709,2025-08-10,Email,North
C02459,2025-08-10,Email,South
C01497,2025-08-10,Organic,Central
C02826,2025-08-11,Organic,West
C03327,2025-08-11,Paid Search,North
C01092,2025-08-11,Paid Search,South
C03737,2025-08-11,Social,East
C00637,2025-08-11,Email,East
C03593,2025-08-11,Organic,South
C00388,2025-08-11,Email,South
C00543,2025-08-11,Affiliate,East
C03275,2025-08-11,Organic,East
C00698,2025-08-11,Affiliate,West
C01079,2025-08-12,Social,South
C03902,2025-08-12,Social,East
C03267,2025-08-12,Affiliate,East
C02366,2025-08-12,Paid Search,North
C02174,2025-08-12,Affiliate,West
C02420,2025-08-12,Organic,Central
C00299,2025-08-12,Paid Search,North
C02695,2025-08-12,Paid Search,North
C02350,2025-08-12,Paid Search,South
C03964,2025-08-12,Email,North
C03639,2025-08-12,Paid Search,South
C02102,2025-08-12,Organic,East
C03712,2025-08-12,Affiliate,East
C02767,2025-08-12,Social,East
C00501,2025-08-12,Paid Search,West
C00626,2025-08-12,Email,North
C00917,2025-08-13,Paid Search,West
C03149,2025-08-13,Paid Search,East
C03520,2025-08-13,Paid Search,North
C01052,2025-08-13,Paid Search,East
C00200,2025-08-13,Paid Search,Central
C01237,2025-08-13,Organic,East
C03649,2025-08-13,Organic,West
C02375,2025-08-13,Affiliate,South
C01973,2025-08-13,Email,East
C02070,2025-08-13,Email,North
C01172,2025-08-13,Affiliate,Central
C01244,2025-08-14,Organic,East
C01926,2025-08-14,Social,Central
C01823,2025-08-14,Paid Search,North
C01482,2025-08-14,Social,Central
C03461,2025-08-14,Email,West
C03613,2025-08-14,Affiliate,North
C03101,2025-08-14,Organic,East
C01547,2025-08-15,Paid Search,North
C01684,2025-08-15,Social,North
C00492,2025-08-15,Social,West
C00689,2025-08-15,Organic,South
C02136,2025-08-15,Affiliate,East
C01984,2025-08-15,Email,East
C02630,2025-08-15,Affiliate,North
C01150,2025-08-15,Paid Search,North
C01375,2025-08-15,Paid Search,East
C02437,2025-08-15,Email,East
C03095,2025-08-15,Affiliate,South
C02610,2025-08-15,Organic,North
C00817,2025-08-15,Email,North
C01044,2025-08-16,Organic,West
C02880,2025-08-16,Organic,Central
C01315,2025-08-16,Organic,North
C03296,2025-08-16,Social,South
C01600,2025-08-16,Organic,North
C01010,2025-08-16,Social,West
C03777,2025-08-16,Affiliate,West
C00495,2025-08-16,Affiliate,Central
C01750,2025-08-16,Email,East
C03109,2025-08-16,Email,West
C01614,2025-08-16,Social,North
C02593,2025-08-16,Paid Search,West
C02708,2025-08-17,Social,Central
C03228,2025-08-17,Email,East
C00724,2025-08-17,Paid Search,Central
C00632,2025-08-17,Email,Central
C01521,2025-08-17,Paid Search,South
C03557,2025-08-17,Paid Search,East
C02154,2025-08-17,Email,West
C01964,2025-08-17,Paid Search,South
C03453,2025-08-17,Organic,West
C02113,2025-08-17,Email,Central
C02219,2025-08-18,Social,East
C03949,2025-08-18,Organic,Central
C03515,2025-08-18,Paid Search,North
C03724,2025-08-18,Email,East
C03928,2025-08-18,Paid Search,North
C01231,2025-08-18,Affiliate,West
C02955,2025-08-18,Social,South
C00493,2025-08-18,Affiliate,East
C03383,2025-08-18,Organic,North
C00152,2025-08-18,Affiliate,West
C00399,2025-08-18,Affiliate,East
C00258,2025-08-18,Paid Search,North
C02935,2025-08-19,Affiliate,East
C01391,2025-08-19,Paid Search,South
C01930,2025-08-19,Organic,East
C00951,2025-08-19,Organic,East
C01053,2025-08-19,Affiliate,South
C01341,2025-08-19,Organic,Central
C00897,2025-08-19,Email,Central
C00378,2025-08-19,Paid Search,North
C00790,2025-08-20,Organic,North
C03925,2025-08-20,Paid Search,West
C02474,2025-08-20,Paid Search,West
C01802,2025-08-20,Organic,South
C02601,2025-08-20,Email,East
C01773,2025-08-20,Paid Search,North
C03821,2025-08-20,Paid Search,North
C00910,2025-08-20,Organic,North
C02722,2025-08-21,Paid Search,East
C02287,2025-08-21,Organic,West
C01364,2025-08-21,Social,East
C02777,2025-08-21,Email,South
C01668,2025-08-21,Organic,South
C00809,2025-08-21,Affiliate,Central
C00281,2025-08-21,Affiliate,North
C02964,2025-08-21,Affiliate,South
C03972,2025-08-21,Affiliate,East
C03587,2025-08-22,Organic,North
C01703,2025-08-22,Paid Search,North
C01720,2025-08-22,Social,West
C02279,2025-08-22,Paid Search,East
C01822,2025-08-22,Paid Search,South
C03203,2025-08-22,Email,Central
C02446,2025-08-22,Paid Search,West
C03159,2025-08-22,Paid Search,South
C00929,2025-08-22,Paid Search,Central
C02416,2025-08-22,Email,East
C00266,2025-08-22,Social,East
C01239,2025-08-22,Affiliate,North
C03325,2025-08-22,Paid Search,West
C02029,2025-08-23,Email,East
C03163,2025-08-23,Organic,South
C01446,2025-08-23,Email,West
C00788,2025-08-23,Organic,East
C03551,2025-08-23,Paid Search,East
C01176,2025-08-23,Organic,South
C00887,2025-08-23,Affiliate,East
C03075,2025-08-23,Email,Central
C03263,2025-08-24,Email,East
C01920,2025-08-24,Organic,North
C03086,2025-08-24,Paid Search,East
C02669,2025-08-24,Affiliate,South
C00468,2025-08-24,Organic,South
C00859,2025-08-24,Paid Search,East
C03393,2025-08-24,Social,South
C03093,2025-08-24,Social,East
C01309,2025-08-24,Email,East
C02726,2025-08-24,Email,West
C00459,2025-08-25,Organic,North
C01924,2025-08-25,Paid Search,West
C02592,2025-08-25,Social,Central
C01167,2025-08-25,Affiliate,North
C01274,2025-08-25,Paid Search,North
C01179,2025-08-25,Organic,Central
C02599,2025-08-25,Email,North
C00423,2025-08-25,Email,North
C02032,2025-08-25,Paid Search,East
C03322,2025-08-25,Paid Search,West
C03185,2025-08-26,Social,Central
C00597,2025-08-26,Email,West
C01949,2025-08-26,Organic,South
C01563,2025-08-26,Paid Search,Central
C01078,2025-08-26,Email,East
C01736,2025-08-26,Organic,East
C03828,2025-08-26,Paid Search,East
C00318,2025-08-26,Organic,East
C00404,2025-08-26,Email,North
C02330,2025-08-26,Organic,North
C00639,2025-08-26,Paid Search,Central
C01680,2025-08-27,Affiliate,Central
C03249,2025-08-27,Affiliate,North
C03098,2025-08-27,Paid Search,North
C02207,2025-08-27,Paid Search,South
C01302,2025-08-27,Email,South
C01321,2025-08-27,Social,South
C01395,2025-08-27,Email,North
C00391,2025-08-28,Paid Search,North
C01385,2025-08-28,Organic,East
C02719,2025-08-28,Paid Search,South
C03975,2025-08-28,Paid Search,North
C03374,2025-08-28,Affiliate,East
C00651,2025-08-28,Social,Central
C00060,2025-08-28,Organic,North
C02559,2025-08-28,Organic,Central
C01466,2025-08-29,Organic,West
C01047,2025-08-29,Social,Central
C03758,2025-08-29,Email,South
C03008,2025-08-29,Paid Search,South
C02641,2025-08-29,Organic,West
C02061,2025-08-29,Affiliate,South
C03381,2025-08-29,Paid Search,South
C02365,2025-08-29,Affiliate,South
C03081,2025-08-29,Paid Search,East
C02981,2025-08-30,Organic,East
C00382,2025-08-30,Social,North
C01700,2025-08-30,Paid Search,Central
C02920,2025-08-30,Social,North
C01089,2025-08-30,Organic,East
C00963,2025-08-30,Paid Search,West
C00265,2025-08-30,Social,East
C03005,2025-08-30,Social,North
C00032,2025-08-31,Organic,East
C03104,2025-08-31,Organic,North
C01457,2025-08-31,Paid Search,Central
C01412,2025-08-31,Affiliate,Central
C01161,2025-08-31,Email,North
C01793,2025-08-31,Organic,East
C01998,2025-08-31,Email,East
C00249,2025-08-31,Social,Central
C00502,2025-08-31,Affiliate,East
C03818,2025-08-31,Organic,North
C03121,2025-09-01,Email,Central
C00773,2025-09-01,Email,West
C03477,2025-09-01,Social,Central
C02115,2025-09-01,Social,North
C03851,2025-09-01,Paid Search,South
C02745,2025-09-01,Paid Search,East
C02562,2025-09-01,Social,Central
C02727,2025-09-01,Email,East
C00182,2025-09-01,Paid Search,Central
C00354,2025-09-01,Social,South
C01630,2025-09-01,Email,West
C02497,2025-09-02,Organic,Central
C00777,2025-09-02,Email,East
C02687,2025-09-02,Paid Search,South
C00491,2025-09-02,Affiliate,North
C03907,2025-09-02,Paid Search,North
C03181,2025-09-02,Affiliate,North
C01530,2025-09-02,Email,West
C03050,2025-09-02,Organic,West
C01579,2025-09-02,Social,South
C03943,2025-09-02,Email,Central
C00863,2025-09-02,Email,East
C01641,2025-09-02,Organic,Central
C00751,2025-09-02,Affiliate,East
C00674,2025-09-03,Organic,South
C03355,2025-09-03,Affiliate,North
C02949,2025-09-03,Paid Search,North
C02285,2025-09-03,Organic,Central
C01344,2025-09-03,Paid Search,Central
C02251,2025-09-03,Email,Central
C00059,2025-09-03,Organic,East
C02925,2025-09-03,Organic,South
C01175,2025-09-03,Social,West
C02425,2025-09-03,Email,East
C00927,2025-09-03,Organic,East
C03302,2025-09-03,Organic,Central
C01423,2025-09-04,Paid Search,West
C03004,2025-09-04,Paid Search,Central
C02564,2025-09-04,Organic,West
C03759,2025-09-04,Organic,North
C03089,2025-09-04,Social,Central
C01803,2025-09-04,Social,North
C02531,2025-09-04,Paid Search,East
C02839,2025-09-04,Social,South
C00544,2025-09-04,Email,Central
C01073,2025-09-04,Social,South
C03870,2025-09-05,Paid Search,East
C02443,2025-09-05,Email,Central
C01134,2025-09-05,Organic,East
C02272,2025-09-05,Organic,Central
C03591,2025-09-05,Social,North
C01844,2025-09-05,Affiliate,North
C02388,2025-09-05,Affiliate,West
C00235,2025-09-06,Organic,North
C03807,2025-09-06,Email,North
C03188,2025-09-06,Email,East
C02144,2025-09-06,Organic,Central
C01269,2025-09-06,Paid Search,South
C00127,2025-09-07,Paid Search,North
C00983,2025-09-07,Social,North
C03441,2025-09-07,Affiliate,East
C02978,2025-09-07,Organic,West
C00402,2025-09-07,Paid Search,Central
C03503,2025-09-07,Organic,East
C03607,2025-09-07,Organic,East
C00856,2025-09-07,Organic,North
C00342,2025-09-07,Paid Search,East
C02303,2025-09-07,Organic,South
C01480,2025-09-07,Affiliate,North
C00540,2025-09-07,Paid Search,South
C00521,2025-09-08,Email,West
C01979,2025-09-08,Affiliate,East
C03811,2025-09-08,Social,South
C02360,2025-09-08,Paid Search,Central
C01003,2025-09-08,Organic,North
C02782,2025-09-08,Organic,Central
C01119,2025-09-08,Organic,North
C01725,2025-09-08,Email,East
C03575,2025-09-08,Email,West
C00011,2025-09-08,Social,South
C02503,2025-09-08,Social,Central
C02905,2025-09-09,Email,North
C03831,2025-09-09,Paid Search,West
C00275,2025-09-09,Social,South
C03886,2025-09-09,Paid Search,East
C01673,2025-09-09,Affiliate,West
C03814,2025-09-09,Organic,South
C02809,2025-09-09,Organic,East
C00228,2025-09-09,Email,South
C03304,2025-09-09,Organic,South
C00930,2025-09-09,Organic,East
C01640,2025-09-09,Organic,South
C00191,2025-09-09,Organic,North
C03568,2025-09-09,Organic,East
C03492,2025-09-09,Affiliate,East
C03685,2025-09-09,Paid Search,West
C00022,2025-09-09,Email,South
C03080,2025-09-09,Paid Search,Central
C00997,2025-09-10,Affiliate,South
C00170,2025-09-10,Affiliate,North
C00128,2025-09-10,Organic,South
C03063,2025-09-10,Social,Central
C03191,2025-09-10,Social,North
C00731,2025-09-10,Paid Search,North
C00713,2025-09-10,Email,North
C01420,2025-09-10,Paid Search,Central
C00512,2025-09-10,Paid Search,South
C02338,2025-09-10,Affiliate,West
C02138,2025-09-10,Organic,Central
C02546,2025-09-10,Organic,East
C03306,2025-09-11,Affiliate,Central
C03686,2025-09-11,Affiliate,West
C02111,2025-09-11,Social,Central
C03097,2025-09-11,Organic,Central
C03556,2025-09-11,Email,West
C02486,2025-09-11,Email,West
C03929,2025-09-11,Paid Search,South
C03541,2025-09-11,Organic,North
C03489,2025-09-11,Paid Search,East
C00546,2025-09-11,Organic,West
C00627,2025-09-11,Affiliate,North
C01722,2025-09-11,Email,Central
C00925,2025-09-11,Organic,West
C01338,2025-09-11,Paid Search,South
C02513,2025-09-12,Paid Search,West
C00669,2025-09-12,Email,East
C01441,2025-09-12,Paid Search,Central
C02169,2025-09-12,Social,East
C00549,2025-09-12,Paid Search,Central
C01767,2025-09-12,Organic,West
C03614,2025-09-12,Organic,North
C03548,2025-09-12,Organic,Central
C02083,2025-09-12,Email,North
C00463,2025-09-13,Social,West
C01453,2025-09-13,Organic,West
C03458,2025-09-13,Email,East
C01469,2025-09-13,Affiliate,North
C03112,2025-09-13,Email,North
C02314,2025-09-13,Organic,East
C03299,2025-09-13,Email,North
C00673,2025-09-13,Paid Search,Central
C02619,2025-09-14,Affiliate,West
C02163,2025-09-14,Email,South
C03463,2025-09-14,Email,North
C00335,2025-09-14,Paid Search,North
C01182,2025-09-14,Social,North
C00676,2025-09-14,Organic,South
C03411,2025-09-14,Paid Search,East
C00248,2025-09-14,Affiliate,North
C01523,2025-09-14,Organic,West
C03810,2025-09-15,Paid Search,East
C00262,2025-09-15,Social,East
C00481,2025-09-15,Paid Search,East
C00350,2025-09-15,Paid Search,South
C03119,2025-09-15,Social,North
C02401,2025-09-15,Organic,Central
C01234,2025-09-15,Email,Central
C00125,2025-09-15,Organic,East
C02097,2025-09-15,Paid Search,North
C03023,2025-09-15,Social,East
C01075,2025-09-15,Organic,North
C01512,2025-09-15,Organic,North
C00605,2025-09-15,Email,North
C00348,2025-09-15,Social,South
C03071,2025-09-15,Affiliate,North
C01794,2025-09-16,Email,North
C03989,2025-09-16,Paid Search,East
C02491,2025-09-16,Affiliate,South
C02645,2025-09-16,Social,Central
C01919,2025-09-16,Affiliate,North
C02320,2025-09-16,Email,Central
C03310,2025-09-16,Paid Search,East
C00121,2025-09-16,Email,Central
C02418,2025-09-16,Paid Search,South
C02161,2025-09-16,Organic,West
C00872,2025-09-16,Social,South
C00475,2025-09-17,Affiliate,South
C01434,2025-09-17,Organic,West
C00233,2025-09-17,Social,East
C00531,2025-09-17,Affiliate,West
C03629,2025-09-17,Social,North
C00877,2025-09-17,Paid Search,South
C00935,2025-09-17,Email,West
C00129,2025-09-17,Affiliate,South
C02900,2025-09-18,Paid Search,South
C00028,2025-09-18,Social,Central
C03658,2025-09-18,Organic,West
C00630,2025-09-18,Organic,Central
C03741,2025-09-18,Organic,East
C03334,2025-09-18,Paid Search,North
C01204,2025-09-18,Paid Search,North
C00991,2025-09-18,Organic,West
C02518,2025-09-18,Paid Search,West
C03034,2025-09-18,Social,East
C03990,2025-09-18,Social,West
C01832,2025-09-18,Social,North
C03911,2025-09-18,Social,Central
C00305,2025-09-18,Paid Search,West
C02569,2025-09-18,Social,Central
C03336,2025-09-19,Social,South
C03276,2025-09-19,Email,East
C01083,2025-09-19,Social,South
C01085,2025-09-19,Social,South
C03332,2025-09-19,Affiliate,East
C00164,2025-09-19,Organic,South
C01734,2025-09-19,Social,South
C01705,2025-09-19,Organic,Central
C01677,2025-09-19,Paid Search,West
C01043,2025-09-19,Social,North
C02963,2025-09-19,Social,North
C02328,2025-09-19,Affiliate,East
C01594,2025-09-19,Organic,East
C01039,2025-09-19,Organic,East
C00644,2025-09-19,Organic,South
C01678,2025-09-19,Paid Search,North
C02466,2025-09-19,Social,West
C00364,2025-09-20,Paid Search,South
C03622,2025-09-20,Social,East
C03386,2025-09-20,Social,North
C00838,2025-09-20,Social,North
C02622,2025-09-20,Email,Central
C02989,2025-09-20,Affiliate,East
C00711,2025-09-20,Social,East
C02666,2025-09-20,Paid Search,East
C00015,2025-09-20,Paid Search,West
C02257,2025-09-21,Affiliate,East
C03094,2025-09-21,Social,North
C02284,2025-09-21,Email,West
C03562,2025-09-21,Social,North
C00956,2025-09-21,Affiliate,East
C00952,2025-09-21,Paid Search,Central
C03624,2025-09-21,Social,South
C02098,2025-09-21,Affiliate,West
C00582,2025-09-21,Organic,East
C03749,2025-09-21,Organic,East
C02408,2025-09-21,Organic,Central
C02073,2025-09-21,Organic,Central
C00785,2025-09-21,Organic,North
C01778,2025-09-21,Paid Search,West
C01551,2025-09-22,Paid Search,North
C00080,2025-09-22,Organic,South
C02247,2025-09-22,Organic,South
C01123,2025-09-22,Organic,West
C02530,2025-09-22,Organic,East
C03018,2025-09-22,Email,West
C02894,2025-09-22,Social,South
C01221,2025-09-22,Organic,North
C01257,2025-09-22,Organic,West
C01564,2025-09-22,Email,North
C00766,2025-09-22,Social,East
C00280,2025-09-22,Email,South
C02679,2025-09-22,Organic,North
C02897,2025-09-22,Social,West
C02103,2025-09-22,Affiliate,Central
C01448,2025-09-23,Email,North
C01027,2025-09-23,Social,North
C02525,2025-09-23,Social,West
C03447,2025-09-23,Organic,West
C00825,2025-09-23,Social,East
C02335,2025-09-23,Social,North
C03536,2025-09-23,Organic,South
C02512,2025-09-23,Paid Search,Central
C02022,2025-09-23,Social,South
C02120,2025-09-23,Paid Search,East
C00259,2025-09-23,Social,North
C02835,2025-09-23,Organic,West
C01193,2025-09-24,Email,East
C03204,2025-09-24,Organic,South
C03895,2025-09-24,Organic,East
C01965,2025-09-24,Paid Search,East
C01060,2025-09-24,Email,Central
C01285,2025-09-24,Social,Central
C03756,2025-09-24,Social,West
C00120,2025-09-24,Organic,West
C00386,2025-09-24,Email,West
C00393,2025-09-24,Social,East
C03755,2025-09-25,Social,East
C02452,2025-09-25,Organic,East
C02471,2025-09-25,Organic,North
C03459,2025-09-25,Paid Search,Central
C03793,2025-09-25,Organic,South
C03067,2025-09-25,Affiliate,West
C01370,2025-09-25,Affiliate,West
C02802,2025-09-25,Organic,West
C01307,2025-09-25,Social,Central
C01827,2025-09-25,Email,Central
C01629,2025-09-25,Email,Central
C01681,2025-09-25,Email,South
C00595,2025-09-25,Paid Search,West
C02631,2025-09-25,Paid Search,South
C01947,2025-09-25,Organic,South
C02858,2025-09-26,Social,West
C02140,2025-09-26,Paid Search,Central
C00693,2025-09-26,Social,East
C02684,2025-09-26,Organic,West
C01359,2025-09-26,Paid Search,South
C00786,2025-09-26,Paid Search,South
C03905,2025-09-26,Paid Search,Central
C03914,2025-09-26,Email,North
C01369,2025-09-26,Paid Search,South
C00397,2025-09-26,Social,East
C02440,2025-09-26,Affiliate,South
C00587,2025-09-27,Email,Central
C00559,2025-09-27,Paid Search,North
C02972,2025-09-27,Affiliate,South
C02733,2025-09-27,Organic,Central
C01191,2025-09-27,Social,North
C02228,2025-09-28,Social,North
C01693,2025-09-28,Paid Search,Central
C02221,2025-09-28,Social,North
C02110,2025-09-28,Affiliate,East
C03140,2025-09-28,Organic,North
C00774,2025-09-28,Organic,East
C01419,2025-09-28,Email,West
C00201,2025-09-28,Paid Search,South
C01507,2025-09-28,Paid Search,North
C01040,2025-09-28,Email,North
C02369,2025-09-28,Affiliate,East
C02764,2025-09-28,Organic,East
C03998,2025-09-28,Affiliate,West
C00534,2025-09-28,Email,West
C01848,2025-09-28,Email,East
C01707,2025-09-28,Affiliate,North
C01775,2025-09-28,Email,West
C00569,2025-09-28,Email,West
C03176,2025-09-29,Email,East
C00431,2025-09-29,Organic,East
C03022,2025-09-29,Social,North
C03881,2025-09-29,Email,North
C02992,2025-09-29,Paid Search,West
C00184,2025-09-29,Organic,South
C02493,2025-09-29,Email,Central
C00854,2025-09-29,Social,West
C00893,2025-09-29,Paid Search,East
C00615,2025-09-29,Organic,South
C02969,2025-09-30,Paid Search,West
C03748,2025-09-30,Email,Central
C03524,2025-09-30,Email,South
C02607,2025-09-30,Social,East
C03251,2025-09-30,Social,West
C03901,2025-09-30,Email,East
C01094,2025-09-30,Email,West
C02566,2025-09-30,Affiliate,East
C00464,2025-09-30,Organic,East
C01454,2025-09-30,Organic,Central
C00114,2025-09-30,Organic,Central
C01086,2025-09-30,Social,Central
C03959,2025-09-30,Organic,South
C01289,2025-09-30,Organic,South
C02209,2025-09-30,Social,Central
C01582,2025-10-01,Paid Search,South
C02496,2025-10-01,Organic,East
C00425,2025-10-01,Paid Search,West
C01031,2025-10-01,Affiliate,West
C02011,2025-10-01,Affiliate,Central
C00721,2025-10-01,Organic,East
C02627,2025-10-01,Paid Search,West
C01872,2025-10-01,Social,Central
C03414,2025-10-01,Email,North
C02918,2025-10-01,Affiliate,Central
C02166,2025-10-02,Email,East
C01780,2025-10-02,Paid Search,Central
C03863,2025-10-02,Email,Central
C00631,2025-10-02,Email,South
C00214,2025-10-02,Paid Search,Central
C03468,2025-10-02,Social,West
C00509,2025-10-02,Organic,North
C03650,2025-10-02,Email,East
C00557,2025-10-03,Paid Search,South
C01983,2025-10-03,Social,West
C03234,2025-10-03,Organic,West
C01631,2025-10-03,Social,Central
C03823,2025-10-03,Organic,North
C03282,2025-10-03,Social,East
C02147,2025-10-03,Paid Search,North
C03055,2025-10-03,Paid Search,South
C00949,2025-10-03,Email,North
C00758,2025-10-04,Organic,West
C02123,2025-10-04,Paid Search,East
C01055,2025-10-04,Paid Search,South
C03043,2025-10-04,Organic,South
C00730,2025-10-04,Email,North
C00252,2025-10-04,Email,East
C02605,2025-10-04,Organic,North
C03345,2025-10-04,Social,North
C00675,2025-10-04,Email,Central
C00864,2025-10-04,Organic,Central
C00645,2025-10-04,Email,Central
C01905,2025-10-04,Social,Central
C03965,2025-10-04,Affiliate,East
C00488,2025-10-04,Paid Search,Central
C00054,2025-10-04,Paid Search,West
C02399,2025-10-04,Email,South
C03192,2025-10-04,Affiliate,East
C02967,2025-10-04,Affiliate,East
C03224,2025-10-05,Paid Search,South
C02758,2025-10-05,Affiliate,East
C03284,2025-10-05,Organic,North
C01402,2025-10-05,Paid Search,West
C01181,2025-10-05,Affiliate,West
C00411,2025-10-05,Organic,Central
C01664,2025-10-05,Organic,East
C02953,2025-10-05,Paid Search,North
C00994,2025-10-05,Paid Search,East
C00875,2025-10-06,Organic,East
C03058,2025-10-06,Email,North
C00752,2025-10-06,Affiliate,East
C02047,2025-10-06,Email,South
C03640,2025-10-06,Organic,Central
C03007,2025-10-06,Paid Search,North
C03692,2025-10-06,Organic,West
C00111,2025-10-07,Social,South
C03559,2025-10-07,Organic,Central
C02595,2025-10-07,Social,South
C02255,2025-10-07,Paid Search,South
C00718,2025-10-07,Paid Search,East
C01071,2025-10-07,Social,East
C00995,2025-10-07,Social,North
C02698,2025-10-07,Email,East
C01692,2025-10-07,Social,East
C00756,2025-10-07,Social,East
C03433,2025-10-07,Social,North
C02851,2025-10-08,Paid Search,North
C00580,2025-10-08,Organic,Central
C03077,2025-10-08,Email,Central
C03588,2025-10-08,Paid Search,Central
C03701,2025-10-08,Paid Search,East
C03634,2025-10-08,Social,East
C02045,2025-10-08,Paid Search,South
C00571,2025-10-08,Organic,West
C01148,2025-10-09,Organic,Central
C00134,2025-10-09,Paid Search,South
C01396,2025-10-09,Organic,West
C02554,2025-10-09,Organic,Central
C03416,2025-10-09,Social,East
C01554,2025-10-09,Email,West
C01891,2025-10-10,Paid Search,South
C02372,2025-10-10,Email,North
C01251,2025-10-10,Organic,East
C00519,2025-10-10,Organic,Central
C00716,2025-10-10,Paid Search,East
C03428,2025-10-10,Affiliate,North
C03390,2025-10-10,Organic,Central
C03912,2025-10-10,Organic,North
C02704,2025-10-10,Organic,South
C00649,2025-10-11,Organic,East
C02793,2025-10-11,Social,West
C01612,2025-10-11,Social,East
C01077,2025-10-11,Paid Search,North
C03827,2025-10-11,Email,North
C00667,2025-10-11,Social,West
C00961,2025-10-11,Email,Central
C03012,2025-10-11,Affiliate,East
C03785,2025-10-11,Paid Search,South
C03323,2025-10-11,Email,South
C01537,2025-10-11,Organic,North
C02291,2025-10-12,Paid Search,South
C03000,2025-10-12,Paid Search,Central
C02548,2025-10-12,Email,Central
C00577,2025-10-12,Affiliate,East
C01529,2025-10-12,Email,East
C00942,2025-10-12,Paid Search,Central
C00202,2025-10-12,Social,North
C01543,2025-10-12,Email,East
C01164,2025-10-12,Paid Search,South
C03623,2025-10-12,Organic,North
C00107,2025-10-12,Paid Search,Central
C03182,2025-10-13,Organic,South
C01702,2025-10-13,Email,Central
C02074,2025-10-13,Affiliate,West
C01431,2025-10-13,Email,West
C03554,2025-10-13,Organic,South
C00762,2025-10-13,Paid Search,West
C03603,2025-10-14,Organic,Central
C03728,2025-10-14,Email,West
C01348,2025-10-14,Organic,North
C03693,2025-10-14,Paid Search,East
C03742,2025-10-14,Social,North
C02086,2025-10-14,Paid Search,South
C02842,2025-10-14,Organic,North
C00088,2025-10-14,Organic,West
C01293,2025-10-14,Paid Search,East
C01980,2025-10-14,Organic,Central
C01208,2025-10-14,Organic,South
C01056,2025-10-14,Organic,South
C02302,2025-10-14,Affiliate,South
C02015,2025-10-15,Email,West
C00470,2025-10-15,Paid Search,East
C00742,2025-10-15,Organic,North
C00237,2025-10-15,Email,West
C02053,2025-10-15,Paid Search,Central
C02904,2025-10-15,Email,West
C01575,2025-10-15,Social,East
C01130,2025-10-15,Organic,North
C03689,2025-10-15,Paid Search,West
C03435,2025-10-16,Organic,East
C00178,2025-10-16,Organic,North
C01883,2025-10-16,Organic,West
C02891,2025-10-16,Organic,East
C01701,2025-10-16,Paid Search,Central
C01878,2025-10-16,Organic,North
C02294,2025-10-16,Organic,South
C02224,2025-10-16,Social,East
C02617,2025-10-16,Organic,Central
C02915,2025-10-16,Social,South
C03813,2025-10-16,Paid Search,Central
C02293,2025-10-16,Email,South
C01177,2025-10-16,Social,West
C02762,2025-10-16,Email,East
C02434,2025-10-16,Social,South
C00744,2025-10-16,Social,North
C03020,2025-10-16,Paid Search,East
C01845,2025-10-16,Social,South
C00331,2025-10-17,Organic,North
C00621,2025-10-17,Organic,Central
C00157,2025-10-17,Organic,Central
C02450,2025-10-17,Organic,West
C01649,2025-10-17,Social,East
C00019,2025-10-17,Email,South
C02668,2025-10-17,Social,East
C01797,2025-10-17,Organic,North
C00670,2025-10-17,Organic,South
C02406,2025-10-17,Organic,Central
C00153,2025-10-17,Paid Search,Central
C02843,2025-10-17,Paid Search,Central
C01857,2025-10-17,Paid Search,Central
C00277,2025-10-17,Email,North
C01268,2025-10-17,Organic,East
C01343,2025-10-18,Organic,East
C01287,2025-10-18,Organic,East
C02321,2025-10-18,Paid Search,West
C01706,2025-10-18,Affiliate,East
C03844,2025-10-18,Affiliate,West
C00180,2025-10-18,Organic,East
C03464,2025-10-18,Email,North
C02821,2025-10-18,Affiliate,East
C01545,2025-10-18,Social,South
C03252,2025-10-18,Organic,South
C01471,2025-10-19,Organic,North
C00073,2025-10-19,Affiliate,East
C00795,2025-10-19,Organic,East
C01601,2025-10-19,Email,West
C00169,2025-10-19,Organic,North
C00274,2025-10-19,Social,North
C01342,2025-10-19,Social,North
C02516,2025-10-19,Paid Search,East
C01943,2025-10-19,Paid Search,North
C02936,2025-10-19,Paid Search,Central
C01534,2025-10-19,Email,West
C01698,2025-10-19,Social,North
C01381,2025-10-20,Paid Search,Central
C00861,2025-10-20,Email,South
C03199,2025-10-20,Social,East
C01695,2025-10-20,Affiliate,West
C02735,2025-10-20,Social,Central
C02028,2025-10-20,Paid Search,West
C03264,2025-10-20,Paid Search,East
C01118,2025-10-21,Paid Search,North
C01742,2025-10-21,Email,North
C00656,2025-10-21,Organic,East
C01597,2025-10-21,Paid Search,East
C01655,2025-10-21,Social,South
C03776,2025-10-22,Email,Central
C01279,2025-10-22,Paid Search,West
C02582,2025-10-22,Paid Search,South
C01887,2025-10-22,Organic,West
C03618,2025-10-23,Organic,East
C00075,2025-10-23,Paid Search,South
C03085,2025-10-23,Organic,West
C02709,2025-10-23,Email,East
C00439,2025-10-23,Organic,Central
C01831,2025-10-23,Paid Search,East
C00049,2025-10-23,Organic,North
C02036,2025-10-23,Paid Search,North
C00547,2025-10-23,Social,Central
C00347,2025-10-23,Organic,South
C03372,2025-10-24,Organic,North
C01353,2025-10-24,Affiliate,East
C02563,2025-10-24,Paid Search,South
C01593,2025-10-24,Affiliate,North
C01153,2025-10-24,Affiliate,West
C02326,2025-10-24,Paid Search,West
C00452,2025-10-24,Paid Search,Central
C02999,2025-10-25,Organic,North
C03367,2025-10-25,Organic,South
C02990,2025-10-25,Affiliate,East
C00311,2025-10-25,Organic,South
C02973,2025-10-25,Social,East
C01902,2025-10-25,Paid Search,East
C02014,2025-10-25,Email,East
C01533,2025-10-25,Organic,West
C02543,2025-10-25,Social,North
C01297,2025-10-25,Organic,West
C02587,2025-10-25,Social,Central
C03295,2025-10-25,Affiliate,East
C00604,2025-10-25,Social,East
C03392,2025-10-26,Paid Search,East
C03950,2025-10-26,Affiliate,West
C03519,2025-10-26,Email,South
C03457,2025-10-26,Email,East
C02250,2025-10-26,Social,North
C01459,2025-10-26,Social,North
C01914,2025-10-26,Social,North
C00090,2025-10-27,Organic,East
C03924,2025-10-27,Email,East
C02396,2025-10-27,Social,Central
C02994,2025-10-27,Paid Search,West
C03550,2025-10-27,Social,East
C01718,2025-10-27,Paid Search,East
C03443,2025-10-27,Email,Central
C00279,2025-10-27,Paid Search,West
C01868,2025-10-27,Paid Search,West
C03330,2025-10-28,Paid Search,North
C00666,2025-10-28,Organic,South
C01013,2025-10-28,Paid Search,West
C03711,2025-10-28,Paid Search,North
C00427,2025-10-28,Organic,West
C01129,2025-10-28,Affiliate,South
C02535,2025-10-28,Social,South
C00848,2025-10-28,Paid Search,East
C00454,2025-10-28,Affiliate,Central
C00298,2025-10-28,Paid Search,East
C02620,2025-10-28,Social,East
C03478,2025-10-28,Organic,Central
C02050,2025-10-29,Social,East
C02168,2025-10-29,Paid Search,West
C03412,2025-10-29,Paid Search,East
C02184,2025-10-29,Social,South
C00384,2025-10-29,Organic,Central
C02800,2025-10-29,Social,West
C02864,2025-10-29,Email,South
C03073,2025-10-29,Organic,East
C00007,2025-10-29,Email,East
C03558,2025-10-29,Organic,South
C03207,2025-10-29,Affiliate,East
C03117,2025-10-29,Affiliate,East
C01508,2025-10-30,Organic,South
C01063,2025-10-30,Paid Search,East
C02898,2025-10-30,Email,East
C00071,2025-10-30,Paid Search,North
C01747,2025-10-30,Organic,Central
C02975,2025-10-30,Social,West
C02945,2025-10-30,Paid Search,South
C01218,2025-10-30,Social,North
C02165,2025-10-30,Social,East
C02755,2025-10-30,Email,Central
C01021,2025-10-30,Paid Search,Central
C00550,2025-10-31,Social,North
C01573,2025-10-31,Organic,East
C02480,2025-10-31,Social,North
C01451,2025-10-31,Email,Central
C01455,2025-10-31,Paid Search,Central
C01483,2025-10-31,Paid Search,North
C03396,2025-10-31,Email,South
C03202,2025-10-31,Organic,East
C00694,2025-10-31,Email,Central
C03498,2025-10-31,Paid Search,South
C02505,2025-10-31,Organic,West
C00830,2025-11-01,Paid Search,North
C01374,2025-11-01,Organic,Central
C01265,2025-11-01,Affiliate,West
C03829,2025-11-01,Affiliate,South
C00618,2025-11-01,Organic,East
C01555,2025-11-01,Social,West
C03270,2025-11-01,Email,South
C03952,2025-11-01,Email,West
C03532,2025-11-01,Organic,South
C02085,2025-11-01,Social,North
C03563,2025-11-01,Organic,Central
C01856,2025-11-01,Organic,North
C03060,2025-11-01,Paid Search,Central
C02737,2025-11-02,Organic,South
C03143,2025-11-02,Social,North
C02046,2025-11-02,Email,North
C01970,2025-11-02,Organic,Central
C00709,2025-11-02,Email,West
C01388,2025-11-02,Social,South
C00827,2025-11-02,Organic,Central
C01999,2025-11-02,Organic,West
C00568,2025-11-02,Email,Central
C02489,2025-11-02,Affiliate,East
C00953,2025-11-02,Affiliate,West
C03283,2025-11-02,Organic,East
C00792,2025-11-02,Social,North
C02157,2025-11-02,Social,North
C01216,2025-11-02,Organic,North
C02390,2025-11-03,Organic,East
C02283,2025-11-03,Email,West
C02213,2025-11-03,Social,West
C02090,2025-11-03,Paid Search,East
C03866,2025-11-03,Organic,Central
C02470,2025-11-03,Organic,South
C01659,2025-11-03,Organic,South
C00251,2025-11-03,Social,East
C03348,2025-11-03,Email,Central
C00642,2025-11-03,Organic,North
C03172,2025-11-04,Email,East
C01752,2025-11-04,Social,North
C03740,2025-11-04,Affiliate,East
C01206,2025-11-04,Affiliate,Central
C00900,2025-11-04,Affiliate,West
C01769,2025-11-04,Organic,South
C00617,2025-11-04,Email,South
C01812,2025-11-04,Social,South
C03617,2025-11-04,Email,East
C02634,2025-11-05,Paid Search,West
C00650,2025-11-05,Paid Search,West
C00438,2025-11-05,Paid Search,North
C01860,2025-11-05,Paid Search,East
C01145,2025-11-05,Social,West
C02017,2025-11-05,Social,Central
C03920,2025-11-05,Email,East
C03873,2025-11-05,Paid Search,East
C03417,2025-11-05,Organic,West
C01816,2025-11-05,Email,North
C00907,2025-11-05,Organic,North
C01618,2025-11-06,Affiliate,East
C01493,2025-11-06,Affiliate,North
C03616,2025-11-06,Paid Search,East
C02175,2025-11-06,Email,West
C02265,2025-11-06,Email,Central
C03184,2025-11-06,Organic,West
C02706,2025-11-06,Paid Search,East
C03240,2025-11-06,Organic,West
C03317,2025-11-06,Email,North
C02959,2025-11-06,Email,East
C03667,2025-11-06,Affiliate,South
C02690,2025-11-06,Paid Search,East
C02879,2025-11-07,Paid Search,East
C03655,2025-11-07,Organic,North
C01250,2025-11-07,Affiliate,West
C00849,2025-11-07,Paid Search,East
C03904,2025-11-07,Email,West
C01907,2025-11-07,Email,South
C00914,2025-11-07,Organic,East
C00687,2025-11-07,Paid Search,North
C02337,2025-11-07,Social,South
C02044,2025-11-07,Organic,Central
C02153,2025-11-07,Social,Central
C01393,2025-11-08,Paid Search,East
C03319,2025-11-08,Email,West
C02501,2025-11-08,Paid Search,East
C00888,2025-11-08,Paid Search,West
C03840,2025-11-08,Affiliate,North
C03522,2025-11-08,Paid Search,East
C01247,2025-11-08,Paid Search,Central
C02275,2025-11-08,Social,East
C02781,2025-11-08,Email,South
C00292,2025-11-08,Organic,North
C03580,2025-11-08,Paid Search,South
C02606,2025-11-08,Social,West
C01522,2025-11-08,Affiliate,North
C01985,2025-11-08,Social,Central
C01283,2025-11-08,Paid Search,East
C01826,2025-11-09,Organic,East
C00333,2025-11-09,Email,South
C01849,2025-11-09,Affiliate,South
C03072,2025-11-09,Social,West
C01524,2025-11-09,Social,Central
C03257,2025-11-09,Email,East
C00027,2025-11-09,Organic,Central
C01461,2025-11-09,Social,Central
C01097,2025-11-09,Organic,Central
C01967,2025-11-09,Paid Search,West
C03178,2025-11-09,Paid Search,East
C00562,2025-11-09,Paid Search,West
C00539,2025-11-09,Social,Central
C03538,2025-11-10,Organic,East
C02125,2025-11-10,Affiliate,Central
C01990,2025-11-10,Social,South
C02660,2025-11-10,Social,Central
C00560,2025-11-10,Email,West
C03910,2025-11-10,Social,East
C00042,2025-11-10,Affiliate,West
C00600,2025-11-10,Organic,East
C00964,2025-11-10,Email,North
C01801,2025-11-10,Social,East
C01392,2025-11-10,Paid Search,East
C01091,2025-11-10,Organic,Central
C01020,2025-11-11,Social,West
C00975,2025-11-11,Paid Search,Central
C00720,2025-11-11,Email,South
C02976,2025-11-11,Paid Search,North
C01968,2025-11-11,Organic,South
C03733,2025-11-11,Paid Search,Central
C02282,2025-11-11,Paid Search,West
C01103,2025-11-11,Organic,West
C00516,2025-11-11,Paid Search,West
C03358,2025-11-11,Email,South
C03669,2025-11-11,Email,North
C00260,2025-11-11,Email,East
C02688,2025-11-11,Social,Central
C02771,2025-11-11,Social,West
C01917,2025-11-12,Organic,Central
C01414,2025-11-12,Paid Search,South
C03860,2025-11-12,Social,South
C00987,2025-11-12,Social,North
C02276,2025-11-12,Organic,West
C03260,2025-11-13,Email,South
C03214,2025-11-13,Organic,East
C01685,2025-11-13,Email,North
C00780,2025-11-13,Email,South
C01131,2025-11-14,Paid Search,South
C01501,2025-11-14,Paid Search,South
C03802,2025-11-14,Paid Search,South
C00969,2025-11-14,Paid Search,North
C01214,2025-11-14,Paid Search,North
C02749,2025-11-14,Social,South
C00844,2025-11-14,Organic,Central
C00873,2025-11-14,Affiliate,Central
C03338,2025-11-14,Organic,South
C02266,2025-11-14,Social,West
C00882,2025-11-14,Organic,South
C03410,2025-11-14,Email,South
C02597,2025-11-14,Paid Search,North
C00743,2025-11-14,Organic,South
C00171,2025-11-15,Organic,South
C03809,2025-11-15,Paid Search,North
C00589,2025-11-15,Paid Search,Central
C00763,2025-11-15,Paid Search,East
C01542,2025-11-15,Email,Central
C01866,2025-11-15,Paid Search,East
C01026,2025-11-15,Email,West
C02189,2025-11-15,Organic,North
C03878,2025-11-15,Organic,North
C02968,2025-11-16,Social,South
C01463,2025-11-16,Email,North
C03357,2025-11-16,Organic,East
C02540,2025-11-16,Organic,South
C02162,2025-11-16,Social,South
C01966,2025-11-16,Paid Search,West
C03286,2025-11-16,Social,South
C02787,2025-11-16,Social,South
C01312,2025-11-16,Affiliate,East
C00220,2025-11-16,Social,East
C01903,2025-11-16,Social,South
C02412,2025-11-16,Email,North
C02942,2025-11-16,Organic,East
C03753,2025-11-16,Organic,North
C00869,2025-11-17,Paid Search,West
C01479,2025-11-17,Organic,East
C00484,2025-11-17,Paid Search,North
C00672,2025-11-17,Organic,West
C03605,2025-11-17,Paid Search,West
C03160,2025-11-17,Social,North
C01477,2025-11-18,Organic,East
C00803,2025-11-18,Email,North
C02850,2025-11-18,Email,West
C01316,2025-11-18,Social,West
C02943,2025-11-18,Affiliate,Central
C00594,2025-11-18,Social,North
C01025,2025-11-18,Paid Search,Central
C01502,2025-11-18,Email,Central
C03518,2025-11-18,Paid Search,North
C01925,2025-11-18,Social,Central
C00993,2025-11-18,Organic,South
C03258,2025-11-18,Organic,South
C02494,2025-11-18,Social,South
C03105,2025-11-18,Organic,North
C03434,2025-11-18,Social,Central
C01867,2025-11-18,Affiliate,Central
C00735,2025-11-19,Organic,East
C03242,2025-11-19,Paid Search,South
C00362,2025-11-19,Organic,North
C00126,2025-11-19,Social,West
C01636,2025-11-19,Organic,South
C03129,2025-11-19,Paid Search,Central
C00083,2025-11-19,Organic,Central
C03722,2025-11-19,Paid Search,East
C02262,2025-11-19,Email,North
C00586,2025-11-19,Organic,South
C03760,2025-11-19,Organic,West
C02238,2025-11-19,Email,Central
C02132,2025-11-19,Organic,East
C02060,2025-11-19,Social,South
C03216,2025-11-20,Paid Search,South
C02007,2025-11-20,Paid Search,South
C00009,2025-11-20,Paid Search,East
C01306,2025-11-20,Paid Search,East
C00123,2025-11-20,Organic,South
C02907,2025-11-20,Social,North
C03526,2025-11-20,Paid Search,West
C00108,2025-11-20,Affiliate,Central
C01825,2025-11-20,Social,South
C01045,2025-11-20,Organic,West
C00403,2025-11-21,Paid Search,Central
C02750,2025-11-21,Organic,South
C01305,2025-11-21,Social,North
C01421,2025-11-21,Email,West
C02824,2025-11-21,Affiliate,West
C00962,2025-11-21,Paid Search,East
C02748,2025-11-21,Social,East
C01583,2025-11-21,Organic,North
C02558,2025-11-21,Social,East
C02676,2025-11-21,Social,Central
C01498,2025-11-21,Organic,West
C00110,2025-11-21,Affiliate,East
C01535,2025-11-21,Organic,West
C02895,2025-11-21,Email,Central
C02856,2025-11-21,Paid Search,East
C01865,2025-11-22,Organic,Central
C02960,2025-11-22,Organic,Central
C02058,2025-11-22,Organic,West
C00448,2025-11-22,Paid Search,East
C00533,2025-11-22,Paid Search,West
C01155,2025-11-22,Paid Search,South
C02912,2025-11-22,Social,East
C02938,2025-11-22,Organic,West
C02646,2025-11-22,Organic,East
C02848,2025-11-22,Organic,North
C03066,2025-11-23,Organic,East
C02428,2025-11-23,Social,Central
C03815,2025-11-23,Organic,West
C02340,2025-11-23,Paid Search,West
C01746,2025-11-23,Email,North
C00808,2025-11-23,Email,North
C00272,2025-11-23,Email,North
C01430,2025-11-23,Paid Search,East
C00295,2025-11-23,Email,North
C01007,2025-11-23,Social,Central
C00166,2025-11-23,Organic,West
C00017,2025-11-23,Social,North
C00511,2025-11-23,Organic,Central
C03040,2025-11-23,Email,South
C00835,2025-11-23,Social,West
C00976,2025-11-24,Paid Search,North
C00375,2025-11-24,Social,East
C03261,2025-11-24,Affiliate,West
C03213,2025-11-24,Paid Search,East
C01468,2025-11-24,Email,South
C01622,2025-11-24,Affiliate,North
C00209,2025-11-24,Social,North
C01143,2025-11-24,Email,North
C00704,2025-11-24,Affiliate,Central
C01779,2025-11-24,Paid Search,East
C00701,2025-11-25,Affiliate,East
C03291,2025-11-25,Paid Search,East
C02656,2025-11-25,Affiliate,East
C02692,2025-11-25,Organic,South
C02911,2025-11-25,Social,South
C02902,2025-11-25,Social,North
C03865,2025-11-25,Affiliate,Central
C03819,2025-11-25,Organic,Central
C00865,2025-11-25,Email,West
C02799,2025-11-25,Paid Search,West
C02202,2025-11-25,Paid Search,South
C01574,2025-11-25,Paid Search,North
C02870,2025-11-25,Organic,Central
C01840,2025-11-25,Affiliate,East
C03301,2025-11-25,Affiliate,East
C03003,2025-11-25,Email,North
C01899,2025-11-25,Social,Central
C03705,2025-11-26,Social,South
C03699,2025-11-26,Social,North
C01074,2025-11-26,Paid Search,South
C00796,2025-11-26,Paid Search,South
C02625,2025-11-26,Social,West
C03048,2025-11-26,Organic,East
C01796,2025-11-26,Organic,East
C00370,2025-11-26,Social,Central
C02729,2025-11-26,Paid Search,Central
C01884,2025-11-26,Email,South
C03136,2025-11-26,Paid Search,North
C01548,2025-11-26,Social,East
C01042,2025-11-26,Social,Central
C01566,2025-11-26,Affiliate,West
C00190,2025-11-27,Email,East
C00330,2025-11-27,Organic,North
C02996,2025-11-27,Email,South
C00242,2025-11-27,Organic,Central
C03864,2025-11-27,Organic,Central
C01298,2025-11-27,Social,East
C01676,2025-11-27,Email,West
C02520,2025-11-27,Organic,North
C01246,2025-11-27,Social,East
C02983,2025-11-27,Paid Search,North
C01372,2025-11-27,Email,West
C00852,2025-11-27,Paid Search,West
C02429,2025-11-28,Paid Search,North
C02364,2025-11-28,Email,South
C01592,2025-11-28,Affiliate,North
C03853,2025-11-28,Organic,Central
C00733,2025-11-28,Paid Search,East
C00419,2025-11-28,Organic,South
C03514,2025-11-28,Organic,West
C00958,2025-11-28,Paid Search,South
C03142,2025-11-28,Email,South
C00529,2025-11-28,Email,South
C03979,2025-11-28,Email,Central
C02186,2025-11-28,Organic,South
C01786,2025-11-28,Affiliate,East
C02319,2025-11-28,Organic,East
C03940,2025-11-29,Organic,Central
C00757,2025-11-29,Organic,East
C00245,2025-11-29,Paid Search,Central
C03539,2025-11-29,Affiliate,East
C00804,2025-11-29,Affiliate,South
C01682,2025-11-29,Email,North
C00437,2025-11-29,Paid Search,North
C00566,2025-11-29,Paid Search,South
C03715,2025-11-29,Paid Search,East
C01785,2025-11-29,Organic,South
C02122,2025-11-29,Affiliate,East
C00842,2025-11-30,Social,North
C03908,2025-11-30,Organic,East
C01327,2025-11-30,Paid Search,Central
C02490,2025-11-30,Email,West
C01261,2025-11-30,Paid Search,West
C03506,2025-11-30,Social,Central
C03466,2025-11-30,Paid Search,East
C03442,2025-11-30,Organic,North
C02018,2025-11-30,Email,North
C00043,2025-12-01,Social,East
C03946,2025-12-01,Email,North
C02145,2025-12-01,Email,North
C01942,2025-12-01,Paid Search,South
C00487,2025-12-01,Social,South
C01553,2025-12-01,Paid Search,Central
C00638,2025-12-01,Social,North
C00322,2025-12-01,Social,East
C02499,2025-12-01,Organic,South
C03816,2025-12-01,Affiliate,North
C01957,2025-12-02,Organic,South
C01843,2025-12-02,Paid Search,East
C02439,2025-12-02,Social,Central
C03688,2025-12-02,Paid Search,South
C02100,2025-12-02,Social,South
C02714,2025-12-02,Email,Central
C03174,2025-12-02,Social,East
C01974,2025-12-02,Social,Central
C02146,2025-12-03,Paid Search,Central
C00602,2025-12-03,Paid Search,North
C03684,2025-12-03,Social,Central
C03691,2025-12-03,Email,Central
C02873,2025-12-03,Paid Search,Central
C01368,2025-12-03,Paid Search,East
C02356,2025-12-03,Social,Central
C02159,2025-12-03,Organic,East
C03956,2025-12-03,Email,North
C03958,2025-12-03,Social,North
C00077,2025-12-03,Paid Search,North
C00314,2025-12-03,Affiliate,East
C01561,2025-12-03,Paid Search,Central
C03483,2025-12-03,Social,Central
C01569,2025-12-04,Email,North
C03612,2025-12-04,Paid Search,South
C00497,2025-12-04,Email,East
C02278,2025-12-04,Social,West
C01838,2025-12-04,Paid Search,East
C00599,2025-12-04,Email,North
C02227,2025-12-04,Organic,West
C03297,2025-12-04,Email,North
C02475,2025-12-04,Organic,West
C00934,2025-12-04,Organic,West
C03718,2025-12-04,Social,North
C00741,2025-12-04,Organic,East
C03197,2025-12-04,Social,East
C01144,2025-12-04,Email,North
C02212,2025-12-05,Organic,South
C00524,2025-12-05,Organic,East
C02081,2025-12-05,Organic,Central
C01625,2025-12-05,Paid Search,Central
C02877,2025-12-05,Paid Search,West
C02411,2025-12-05,Email,North
C00818,2025-12-05,Organic,East
C03731,2025-12-05,Email,Central
C01717,2025-12-05,Organic,North
C02791,2025-12-05,Email,North
C02205,2025-12-05,Paid Search,Central
C01004,2025-12-05,Organic,West
C01806,2025-12-05,Social,North
C01909,2025-12-05,Social,North
C00290,2025-12-06,Email,North
C01376,2025-12-06,Email,East
C03354,2025-12-06,Paid Search,South
C02066,2025-12-06,Organic,South
C03672,2025-12-06,Organic,Central
C01090,2025-12-06,Paid Search,West
C01528,2025-12-06,Social,East
C02482,2025-12-06,Organic,West
C03069,2025-12-06,Social,North
C01107,2025-12-06,Paid Search,East
C00014,2025-12-06,Paid Search,Central
C00643,2025-12-06,Organic,West
C02436,2025-12-06,Paid Search,West
C03406,2025-12-07,Email,East
C02924,2025-12-07,Paid Search,South
C00117,2025-12-07,Social,Central
C03681,2025-12-07,Paid Search,South
C02995,2025-12-07,Affiliate,East
C01383,2025-12-07,Paid Search,East
C03062,2025-12-07,Social,West
C00972,2025-12-07,Social,North
C01070,2025-12-07,Paid Search,South
C00119,2025-12-07,Organic,North
C00641,2025-12-08,Paid Search,North
C00781,2025-12-08,Affiliate,East
C02751,2025-12-08,Affiliate,Central
C02836,2025-12-08,Affiliate,Central
C00625,2025-12-08,Organic,Central
C02220,2025-12-08,Paid Search,North
C03051,2025-12-08,Organic,West
C02277,2025-12-08,Affiliate,South
C00138,2025-12-08,Affiliate,East
C03879,2025-12-08,Organic,South
C03290,2025-12-08,Email,West
C03700,2025-12-08,Affiliate,West
C02632,2025-12-08,Email,Central
C01961,2025-12-09,Organic,South
C02152,2025-12-09,Affiliate,Central
C00968,2025-12-09,Organic,South
C00679,2025-12-09,Email,West
C00351,2025-12-09,Organic,Central
C00143,2025-12-09,Paid Search,North
C01745,2025-12-09,Email,East
C03274,2025-12-09,Affiliate,South
C02832,2025-12-09,Affiliate,East
C03496,2025-12-09,Social,West
C01235,2025-12-09,Affiliate,North
C00105,2025-12-09,Email,Central
C02295,2025-12-09,Organic,East
C02027,2025-12-09,Email,North
C01906,2025-12-09,Organic,North
C01596,2025-12-09,Organic,West
C03961,2025-12-09,Email,West
C02353,2025-12-10,Organic,Central
C00807,2025-12-10,Organic,West
C02693,2025-12-10,Email,Central
C02927,2025-12-10,Paid Search,South
C00284,2025-12-10,Social,North
C02463,2025-12-10,Email,West
C01046,2025-12-10,Paid Search,North
C03885,2025-12-10,Paid Search,East
C01299,2025-12-10,Affiliate,West
C03432,2025-12-10,Social,South
C00992,2025-12-10,Paid Search,Central
C02803,2025-12-10,Email,East
C03991,2025-12-11,Affiliate,South
C00623,2025-12-11,Social,North
C00476,2025-12-11,Email,South
C01731,2025-12-11,Social,South
C03221,2025-12-11,Social,East
C03804,2025-12-11,Email,East
C01544,2025-12-11,Social,East
C00176,2025-12-11,Email,South
C00857,2025-12-11,Organic,East
C00828,2025-12-11,Paid Search,Central
C01349,2025-12-11,Social,South
C03438,2025-12-11,Organic,South
C01300,2025-12-11,Social,West
C01273,2025-12-11,Paid Search,East
C01929,2025-12-11,Paid Search,South
C02289,2025-12-11,Organic,North
C00341,2025-12-12,Organic,West
C01578,2025-12-12,Organic,Central
C00268,2025-12-12,Organic,West
C00229,2025-12-12,Paid Search,South
C00021,2025-12-12,Paid Search,North
C02273,2025-12-12,Organic,East
C00520,2025-12-12,Affiliate,North
C01267,2025-12-12,Paid Search,West
C03798,2025-12-12,Social,South
C02252,2025-12-12,Affiliate,South
C03567,2025-12-12,Affiliate,East
C03590,2025-12-12,Organic,West
C02830,2025-12-12,Email,East
C00066,2025-12-12,Organic,North
C03316,2025-12-12,Organic,East
C01124,2025-12-12,Social,South
C00532,2025-12-13,Paid Search,West
C00635,2025-12-13,Email,North
C03025,2025-12-13,Organic,North
C00490,2025-12-14,Paid Search,North
C00705,2025-12-14,Affiliate,East
C03087,2025-12-14,Organic,North
C03054,2025-12-14,Paid Search,West
C01422,2025-12-14,Organic,East
C02801,2025-12-14,Organic,North
C00973,2025-12-14,Social,South
C03420,2025-12-14,Organic,Central
C02635,2025-12-14,Paid Search,South
C00442,2025-12-14,Paid Search,East
C01874,2025-12-14,Social,Central
C03210,2025-12-14,Paid Search,West
C00686,2025-12-14,Paid Search,East
C02772,2025-12-14,Paid Search,Central
C00829,2025-12-15,Paid Search,West
C02747,2025-12-15,Email,East
C01082,2025-12-15,Social,Central
C00922,2025-12-15,Paid Search,South
C03426,2025-12-15,Paid Search,Central
C01714,2025-12-15,Organic,Central
C03677,2025-12-15,Organic,North
C00056,2025-12-16,Social,East
C00778,2025-12-16,Organic,East
C03481,2025-12-16,Email,South
C03033,2025-12-16,Social,East
C00055,2025-12-16,Paid Search,West
C03385,2025-12-16,Paid Search,East
C02916,2025-12-16,Organic,South
C00422,2025-12-16,Organic,South
C03867,2025-12-16,Affiliate,West
C02613,2025-12-16,Organic,East
C03170,2025-12-17,Organic,East
C01491,2025-12-17,Organic,North
C03859,2025-12-17,Paid Search,North
C01169,2025-12-17,Paid Search,East
C02116,2025-12-17,Email,Central
C03280,2025-12-17,Social,South
C02487,2025-12-17,Social,North
C00945,2025-12-17,Paid Search,East
C01389,2025-12-17,Organic,South
C00206,2025-12-17,Affiliate,South
C00799,2025-12-18,Organic,West
C01559,2025-12-18,Email,East
C03312,2025-12-18,Organic,East
C01151,2025-12-18,Organic,South
C02588,2025-12-18,Social,East
C01811,2025-12-18,Organic,South
C03525,2025-12-18,Organic,East
C02386,2025-12-18,Paid Search,Central
C01646,2025-12-18,Email,East
C02192,2025-12-18,Paid Search,North
C01211,2025-12-18,Paid Search,South
C00458,2025-12-19,Email,West
C00368,2025-12-19,Affiliate,North
C01875,2025-12-19,Affiliate,West
C00317,2025-12-19,Email,North
C00250,2025-12-19,Affiliate,North
C02806,2025-12-19,Paid Search,East
C02457,2025-12-19,Organic,South
C01109,2025-12-19,Social,Central
C03209,2025-12-19,Affiliate,North
C03938,2025-12-19,Email,Central
C00793,2025-12-19,Affiliate,West
C02108,2025-12-19,Paid Search,Central
C00822,2025-12-20,Email,East
C00267,2025-12-20,Social,West
C03300,2025-12-20,Social,East
C01411,2025-12-20,Paid Search,East
C01413,2025-12-20,Social,West
C00862,2025-12-20,Organic,Central
C00941,2025-12-20,Social,North
C00895,2025-12-20,Social,East
C01759,2025-12-20,Organic,West
C00344,2025-12-20,Organic,East
C01101,2025-12-20,Paid Search,North
C02703,2025-12-20,Organic,West
C00541,2025-12-20,Paid Search,East
C01605,2025-12-20,Paid Search,South
C03533,2025-12-21,Paid Search,West
C01159,2025-12-21,Email,East
C02991,2025-12-21,Social,North
C00798,2025-12-21,Social,West
C02590,2025-12-21,Organic,East
C02581,2025-12-21,Paid Search,Central
C02770,2025-12-21,Social,East
C00662,2025-12-21,Organic,North
C01758,2025-12-21,Affiliate,South
C01931,2025-12-21,Affiliate,South
C03530,2025-12-22,Email,North
C00760,2025-12-22,Email,North
C00528,2025-12-22,Organic,East
C00455,2025-12-22,Social,Central
C01687,2025-12-22,Email,South
C01132,2025-12-22,Organic,South
C02082,2025-12-22,Organic,South
C01820,2025-12-22,Affiliate,North
C00884,2025-12-22,Paid Search,North
C00445,2025-12-22,Organic,East
C00302,2025-12-23,Organic,West
C03271,2025-12-23,Organic,South
C02886,2025-12-23,Email,North
C00624,2025-12-23,Email,Central
C01168,2025-12-23,Organic,Central
C00462,2025-12-23,Email,East
C03482,2025-12-23,Social,Central
C00959,2025-12-23,Email,East
C02033,2025-12-23,Email,South
C01286,2025-12-23,Paid Search,Central
C02724,2025-12-23,Paid Search,East
C02504,2025-12-23,Paid Search,West
C00530,2025-12-23,Email,Central
C01935,2025-12-23,Paid Search,North
C00710,2025-12-23,Paid Search,West
C03250,2025-12-24,Email,North
C00102,2025-12-24,Organic,South
C00660,2025-12-24,Paid Search,West
C02315,2025-12-24,Organic,West
C01352,2025-12-24,Social,West
C02395,2025-12-24,Organic,West
C02863,2025-12-24,Social,West
C00099,2025-12-24,Email,East
C03768,2025-12-24,Affiliate,Central
C01672,2025-12-24,Paid Search,East
C02686,2025-12-24,Paid Search,North
C03578,2025-12-24,Social,North
C00498,2025-12-24,Organic,North
C01572,2025-12-25,Organic,East
C01556,2025-12-25,Email,East
C01969,2025-12-25,Organic,West
C03473,2025-12-25,Organic,Central
C00372,2025-12-25,Organic,East
C00960,2025-12-25,Email,North
C01995,2025-12-25,Organic,West
C03830,2025-12-25,Paid Search,East
C02298,2025-12-25,Paid Search,Central
C01065,2025-12-25,Paid Search,South
C02342,2025-12-25,Social,East
C02928,2025-12-25,Social,North
C00611,2025-12-26,Organic,Central
C00938,2025-12-26,Social,Central
C02309,2025-12-26,Paid Search,South
C01863,2025-12-26,Paid Search,South
C00381,2025-12-26,Organic,West
C03245,2025-12-26,Social,East
C01200,2025-12-26,Organic,West
C00616,2025-12-26,Paid Search,South
C01228,2025-12-26,Organic,South
C03730,2025-12-27,Social,West
C01850,2025-12-27,Organic,East
C02962,2025-12-27,Paid Search,South
C00025,2025-12-27,Paid Search,West
C02454,2025-12-27,Organic,West
C03047,2025-12-27,Organic,Central
C00135,2025-12-27,Affiliate,North
C02604,2025-12-27,Social,West
C00137,2025-12-27,Social,South
C01565,2025-12-27,Organic,Central
C00122,2025-12-28,Social,Central
C02495,2025-12-28,Social,West
C01304,2025-12-28,Affiliate,South
C02414,2025-12-28,Affiliate,East
C02413,2025-12-28,Email,East
C02511,2025-12-28,Organic,East
C03456,2025-12-28,Email,North
C03028,2025-12-28,Paid Search,North
C02231,2025-12-28,Email,North
C03049,2025-12-28,Paid Search,West
C02984,2025-12-28,Email,East
C02553,2025-12-29,Organic,North
C03331,2025-12-29,Social,East
C03540,2025-12-29,Paid Search,East
C03871,2025-12-29,Paid Search,East
C03582,2025-12-29,Organic,Central
C03147,2025-12-29,Organic,South
C02195,2025-12-29,Affiliate,North
C02638,2025-12-29,Organic,South
C00767,2025-12-29,Social,West
C00205,2025-12-30,Organic,Central
C00636,2025-12-30,Organic,Central
C02584,2025-12-30,Paid Search,South
C02738,2025-12-30,Organic,South
C03553,2025-12-30,Organic,East
C02685,2025-12-30,Organic,West
C00136,2025-12-30,Email,East
C03449,2025-12-30,Paid Search,East
C01514,2025-12-30,Organic,North
C00879,2025-12-30,Organic,North
C03636,2025-12-30,Organic,West
C03076,2025-12-30,Email,West
C03057,2025-12-30,Organic,West
C01196,2025-12-30,Affiliate,Central
C00647,2025-12-30,Affiliate,Central
C02948,2025-12-30,Email,East
C02387,2025-12-30,Social,West
C01387,2025-12-31,Email,Central
C02808,2025-12-31,Organic,North
C02119,2025-12-31,Affiliate,North
C03253,2025-12-31,Email,North
C02139,2025-12-31,Organic,South
C03139,2025-12-31,Paid Search,East
C02654,2025-12-31,Affiliate,South
C01384,2025-12-31,Affiliate,East
C02600,2025-12-31,Social,East
C03835,2025-12-31,Paid Search,East
C02557,2025-12-31,Social,East
C03418,2025-12-31,Paid Search,North
C00585,2025-12-31,Organic,North
C03790,2025-12-31,Social,Central
C02249,2025-12-31,Social,West
